Order Number,Order Charged Date,Order Charged Timestamp,Financial Status,Device Model,Product Title,Product ID,Product Type,SKU ID,Currency of Sale,Item Price,Taxes Collected,Charged Amount,City of Buyer,State of Buyer,Postal Code of Buyer,Country of Buyer,Base Plan ID,Offer ID
GPA.3369-7645-1351-23893,2021-12-01,1638323287,Charged,minsk,Unlock Character Manager (D20 Complete Reference),com.vansteinengroentjes.apps.ddcompletereference,inapp,unlockcharactermanager,USD,1.96,0.11,2.07,LAKE GENEVA,WI,53147,US,,
GPA.3325-4462-7144-19893,2021-12-01,1638324418,Charged,minsk,Character Manager (Complete Reference for DnD 5),com.vansteinengroentjes.apps.ddfive,inapp,unlockcharactermanager,USD,5.49,0.30,5.79,LAKE GENEVA,WI,53147,US,,
GPA.3386-1806-6170-86318,2021-12-01,1638330683,Charged,OnePlus7TTMO,Unlock Character Manager (D20 Complete Reference),com.vansteinengroentjes.apps.ddcompletereference,inapp,unlockcharactermanager,USD,1.96,0.14,2.10,DAYTON,OH,45449,US,,
GPA.3355-0634-1351-98460,2021-12-01,1638344202,Charged,minsk,DM Tools (Complete Reference for DnD 5),com.vansteinengroentjes.apps.ddfive,inapp,premium,USD,3.49,0.31,3.80,Tucson,AZ,85705,US,,
GPA.3351-5673-3122-67736,2021-12-01,1638344236,Charged,minsk,Character Manager (Complete Reference for DnD 5),com.vansteinengroentjes.apps.ddfive,inapp,unlockcharactermanager,USD,5.49,0.48,5.97,Tucson,AZ,85705,US,,
GPA.3365-2588-8842-91290,2021-12-01,1638347900,Charged,bonito,Unlock Character Manager (D20 Complete Reference),com.vansteinengroentjes.apps.ddcompletereference,inapp,unlockcharactermanager,GBP,1.27,0.25,1.52,,,,GB,,
GPA.3389-6655-3794-81339,2021-12-01,1638350129,Charged,star2qltesq,DM Tools (Complete Reference for DnD 5),com.vansteinengroentjes.apps.ddfive,inapp,premium,USD,3.49,0.00,3.49,UNINCORPORATED,AK,99654,US,,
GPA.3311-0142-6457-92656,2021-12-01,1638350143,Charged,star2qltesq,Character Manager (Complete Reference for DnD 5),com.vansteinengroentjes.apps.ddfive,inapp,unlockcharactermanager,USD,5.49,0.00,5.49,UNINCORPORATED,AK,99654,US,,
GPA.3380-8702-9709-42176,2021-12-01,1638350966,Charged,j5y17lte,Character Manager (Complete Reference for Pathfinder),com.vansteinengroentjes.apps.ddpf,inapp,unlockcharactermanager,EUR,1.81,0.38,2.19,,,,ES,,
GPA.3343-4702-5432-38466,2021-12-01,1638372508,Charged,kukui_cheets,Character Manager (Complete Reference for DnD 5),com.vansteinengroentjes.apps.ddfive,inapp,unlockcharactermanager,EUR,4.09,0.90,4.99,,,,IT,,
GPA.3305-8163-5342-14086,2021-12-01,1638373178,Charged,gta4l,Character Manager (Complete Reference for Pathfinder),com.vansteinengroentjes.apps.ddpf,inapp,unlockcharactermanager,GBP,1.57,0.32,1.89,,,,GB,,
GPA.3352-0988-9289-81540,2021-12-01,1638373241,Charged,gta4l,Pathfinder DM tools (Complete Reference for Pathfinder),com.vansteinengroentjes.apps.ddpf,inapp,premium,GBP,1.41,0.28,1.69,,,,GB,,
GPA.3389-4126-6280-09904,2021-12-01,1638381477,Charged,OnePlus8VZW,Pathfinder DM tools (Complete Reference for Pathfinder),com.vansteinengroentjes.apps.ddpf,inapp,premium,USD,2.49,0.15,2.64,CORBIN,KY,40701,US,,
GPA.3301-2233-9178-48525,2021-12-01,1638390763,Charged,cv7as,Unlock Character Manager (D20 Complete Reference),com.vansteinengroentjes.apps.ddcompletereference,inapp,unlockcharactermanager,USD,1.96,0.14,2.10,SAINT MARYS,OH,45885,US,,
GPA.3306-7348-7295-48550,2021-12-02,1638421041,Charged,OnePlus6T,Dungeon Master Tools (Complete Reference for Pathfinder 2),com.vansteinengroentjes.pathfindertwo,inapp,dmtoolspf2,NZD,4.34,0.65,4.99,Tauraga,,3112,NZ,,
GPA.3371-9088-5191-57434,2021-12-02,1638421066,Charged,OnePlus6T,Character Manager (Complete Reference for Pathfinder 2),com.vansteinengroentjes.pathfindertwo,inapp,charpf2,NZD,6.95,1.04,7.99,Tauraga,,3112,NZ,,
GPA.3376-6320-1888-65020,2021-12-02,1638432197,Charged,aura,DM Tools (Complete Reference for DnD 5),com.vansteinengroentjes.apps.ddfive,inapp,premium,USD,3.49,0.25,3.74,Lindon,UT,84042,US,,
GPA.3394-2029-3743-32532,2021-12-02,1638432357,Charged,aura,Character Manager (Complete Reference for DnD 5),com.vansteinengroentjes.apps.ddfive,inapp,unlockcharactermanager,USD,5.49,0.40,5.89,Lindon,UT,84042,US,,
GPA.3319-8033-9737-47036,2021-12-02,1638440809,Charged,surfna,DM Tools (Complete Reference for DnD 5),com.vansteinengroentjes.apps.ddfive,inapp,premium,USD,3.49,0.17,3.66,Waianae,HI,96792,US,,
GPA.3304-0148-9974-68693,2021-12-02,1638481845,Charged,p3q,Character Manager (Complete Reference for DnD 5),com.vansteinengroentjes.apps.ddfive,inapp,unlockcharactermanager,USD,5.49,0.37,5.86,BEAVERCREEK,OH,45432,US,,
GPA.3394-9099-4461-33182,2021-12-03,1638490120,Charged,p3q,"Unlock DM tools, Dice tools and remove ads. (D20 Complete Reference)",com.vansteinengroentjes.apps.ddcompletereference,inapp,premium,USD,2.49,0.18,2.67,HOOPER,UT,84067,US,,
GPA.3350-4500-6033-86998,2021-12-03,1638490135,Charged,p3q,Unlock Character Manager (D20 Complete Reference),com.vansteinengroentjes.apps.ddcompletereference,inapp,unlockcharactermanager,USD,1.96,0.15,2.11,HOOPER,UT,84067,US,,
GPA.3315-8718-1995-09776,2021-12-03,1638569524,Charged,p3q,Character Manager (Complete Reference for DnD 5),com.vansteinengroentjes.apps.ddfive,inapp,unlockcharactermanager,USD,5.49,0.36,5.85,WALL TOWNSHIP,NJ,08724,US,,
GPA.3320-2518-7324-54841,2021-12-03,1638573138,Charged,cruiserlteatt,DM Tools (Complete Reference for DnD 5),com.vansteinengroentjes.apps.ddfive,inapp,premium,USD,3.49,0.29,3.78,HOUSTON,TX,77373,US,,
GPA.3378-2221-1231-67531,2021-12-03,1638573158,Charged,cruiserlteatt,Character Manager (Complete Reference for DnD 5),com.vansteinengroentjes.apps.ddfive,inapp,unlockcharactermanager,USD,5.49,0.45,5.94,HOUSTON,TX,77373,US,,
GPA.3301-4403-7430-79705,2021-12-04,1638583791,Charged,blueline,DM Tools (Complete Reference for DnD 5),com.vansteinengroentjes.apps.ddfive,inapp,premium,USD,3.49,0.25,3.74,Ogden,UT,84401,US,,
GPA.3333-1678-4114-47208,2021-12-04,1638592354,Charged,heroqlteatt,Character Manager (Complete Reference for DnD 5),com.vansteinengroentjes.apps.ddfive,inapp,unlockcharactermanager,USD,5.49,0.38,5.87,BALLSTON SPA,NY,12020,US,,
GPA.3345-4049-8504-91588,2021-12-04,1638615988,Charged,beyond0q,Character Manager (Complete Reference for DnD 5),com.vansteinengroentjes.apps.ddfive,inapp,unlockcharactermanager,USD,5.49,0.40,5.89,LINCOLN,NE,68504,US,,
GPA.3361-2660-7093-86739,2021-12-04,1638617517,Charged,gta4xlwifi,Pathfinder DM tools (Complete Reference for Pathfinder),com.vansteinengroentjes.apps.ddpf,inapp,premium,EUR,1.64,0.35,1.99,,,,NL,,
GPA.3360-4024-6373-14772,2021-12-04,1638619220,Charged,r8q,Character Manager (Complete Reference for DnD 5),com.vansteinengroentjes.apps.ddfive,inapp,unlockcharactermanager,GBP,3.49,0.70,4.19,,,,GB,,
GPA.3356-8478-2701-87669,2021-12-04,1638619266,Charged,r8q,DM Tools (Complete Reference for DnD 5),com.vansteinengroentjes.apps.ddfive,inapp,premium,GBP,2.16,0.43,2.59,,,,GB,,
GPA.3338-4245-4767-68089,2021-12-04,1638621938,Charged,ASUS_P00J,Character Manager (Complete Reference for DnD 5),com.vansteinengroentjes.apps.ddfive,inapp,unlockcharactermanager,USD,5.49,0.33,5.82,ROSEVILLE,MI,48066,US,,
GPA.3341-3510-9198-17504,2021-12-04,1638633505,Charged,foles,"Unlock DM tools, Dice tools and remove ads. (D20 Complete Reference)",com.vansteinengroentjes.apps.ddcompletereference,inapp,premium,USD,2.49,0.20,2.69,UNINCORPORATED,NY,12083,US,,
GPA.3398-7172-3827-34582,2021-12-04,1638648095,Charged,p3q,Character Manager (Complete Reference for DnD 5),com.vansteinengroentjes.apps.ddfive,inapp,unlockcharactermanager,USD,5.49,0.00,5.49,RICHMOND HILL,GA,31324,US,,
GPA.3364-6371-0355-15921,2021-12-04,1638648105,Charged,p3q,DM Tools (Complete Reference for DnD 5),com.vansteinengroentjes.apps.ddfive,inapp,premium,USD,3.49,0.00,3.49,RICHMOND HILL,GA,31324,US,,
GPA.3383-1846-4077-49261,2021-12-04,1638649639,Charged,r8q,Character Manager (Complete Reference for DnD 5),com.vansteinengroentjes.apps.ddfive,inapp,unlockcharactermanager,USD,5.49,0.40,5.89,ROCKFORD,OH,45882,US,,
GPA.3364-8812-9325-08035,2021-12-04,1638653758,Charged,r8q,DM Tools (Complete Reference for DnD 5),com.vansteinengroentjes.apps.ddfive,inapp,premium,USD,3.49,0.25,3.74,TOLEDO,OH,43610,US,,
GPA.3383-1510-0066-66720,2021-12-04,1638653779,Charged,r8q,Character Manager (Complete Reference for DnD 5),com.vansteinengroentjes.apps.ddfive,inapp,unlockcharactermanager,USD,5.49,0.40,5.89,TOLEDO,OH,43610,US,,
GPA.3364-9784-6145-49883,2021-12-04,1638657139,Charged,y2q,DM Tools (Complete Reference for DnD 5),com.vansteinengroentjes.apps.ddfive,inapp,premium,USD,3.49,0.25,3.74,CORTLAND,IL,60178,US,,
GPA.3324-0177-7296-78232,2021-12-05,1638674502,Charged,c2q,DM Tools (Complete Reference for DnD 5),com.vansteinengroentjes.apps.ddfive,inapp,premium,USD,3.49,0.00,3.49,Henderson,NV,89015,US,,
GPA.3358-2612-1333-01572,2021-12-05,1638678572,Charged,d1q,DM Tools (Complete Reference for DnD 5),com.vansteinengroentjes.apps.ddfive,inapp,premium,USD,3.49,0.17,3.66,THAYNE,WY,83127,US,,
GPA.3362-7130-8777-99570,2021-12-05,1638679056,Charged,d1q,Character Manager (Complete Reference for DnD 5),com.vansteinengroentjes.apps.ddfive,inapp,unlockcharactermanager,USD,5.49,0.27,5.76,THAYNE,WY,83127,US,,
GPA.3393-1359-3269-62506,2021-12-05,1638679578,Charged,d2q,DM Tools (Complete Reference for DnD 5),com.vansteinengroentjes.apps.ddfive,inapp,premium,USD,3.49,0.17,3.66,STAR VALLEY RANCH,WY,83127,US,,
GPA.3304-3230-7706-91647,2021-12-05,1638679588,Charged,d2q,Character Manager (Complete Reference for DnD 5),com.vansteinengroentjes.apps.ddfive,inapp,unlockcharactermanager,USD,5.49,0.27,5.76,STAR VALLEY RANCH,WY,83127,US,,
GPA.3358-2483-7470-91506,2021-12-05,1638682054,Charged,a71xq,Character Manager (Complete Reference for DnD 5),com.vansteinengroentjes.apps.ddfive,inapp,unlockcharactermanager,USD,5.49,0.63,6.12,San Juan,,00936,PR,,
GPA.3306-1869-3426-44369,2021-12-05,1638699226,Charged,coral,Character Manager (Complete Reference for DnD 5),com.vansteinengroentjes.apps.ddfive,inapp,unlockcharactermanager,AUD,7.26,0.73,7.99,,,7008,AU,,
GPA.3371-7189-0275-35676,2021-12-05,1638699247,Charged,coral,DM Tools (Complete Reference for DnD 5),com.vansteinengroentjes.apps.ddfive,inapp,premium,AUD,4.35,0.44,4.79,,,7008,AU,,
GPA.3373-7586-1549-46913,2021-12-05,1638703457,Charged,p3q,Character Manager (Complete Reference for DnD 5),com.vansteinengroentjes.apps.ddfive,inapp,unlockcharactermanager,USD,5.49,0.00,5.49,Elgin,SC,29045,US,,
GPA.3301-7245-7841-60022,2021-12-05,1638723957,Charged,c1q,Dungeon Master Tools (Complete Reference for Pathfinder 2),com.vansteinengroentjes.pathfindertwo,inapp,dmtoolspf2,USD,3.49,0.21,3.70,Bennington,VT,05201,US,,
GPA.3368-7470-4467-60428,2021-12-05,1638731063,Charged,a12s,DM Tools (Complete Reference for DnD 5),com.vansteinengroentjes.apps.ddfive,inapp,premium,DKK,17.60,4.40,22.00,,,,DK,,
GPA.3359-5307-0230-66818,2021-12-05,1638732737,Charged,q2q,Unlock Character Manager (D20 Complete Reference),com.vansteinengroentjes.apps.ddcompletereference,inapp,unlockcharactermanager,USD,1.96,0.00,1.96,Grand Junction,CO,81507,US,,
GPA.3368-9297-6349-09887,2021-12-05,1638733008,Charged,q2q,"Unlock DM tools, Dice tools and remove ads. (D20 Complete Reference)",com.vansteinengroentjes.apps.ddcompletereference,inapp,premium,USD,2.49,0.00,2.49,Grand Junction,CO,81507,US,,
GPA.3380-5620-0415-67330,2021-12-05,1638735710,Charged,winglm,DM Tools (Complete Reference for DnD 5),com.vansteinengroentjes.apps.ddfive,inapp,premium,USD,3.49,0.21,3.70,MOUNT PENN,PA,19606,US,,
GPA.3367-9164-5970-20594,2021-12-06,1638751557,Charged,redfin,Character Manager (Complete Reference for DnD 5),com.vansteinengroentjes.apps.ddfive,inapp,unlockcharactermanager,USD,5.49,0.50,5.99,WIIITE IIOUSE,TN,37188,US,,
GPA.3388-0488-3636-84262,2021-12-06,1638776445,Charged,v350c,Character Manager (Complete Reference for Pathfinder),com.vansteinengroentjes.apps.ddpf,inapp,unlockcharactermanager,USD,1.99,0.00,1.99,UNINCORPORATED,CA,95602,US,,
GPA.3356-7144-6334-10438,2021-12-06,1638807196,Charged,crosshatch,DM Tools (Complete Reference for DnD 5),com.vansteinengroentjes.apps.ddfive,inapp,premium,USD,3.49,0.22,3.71,Ajo,AZ,85321,US,,
GPA.3350-8083-0035-82077,2021-12-06,1638812343,Charged,o1q,DM Tools (Complete Reference for DnD 5),com.vansteinengroentjes.apps.ddfive,inapp,premium,USD,3.49,0.00,3.49,ORLANDO,FL,32828,US,,
GPA.3330-2082-9045-47728,2021-12-06,1638817078,Charged,ginna,DM Tools (Complete Reference for DnD 5),com.vansteinengroentjes.apps.ddfive,inapp,premium,USD,3.49,0.00,3.49,SPRINGFIELD,MO,65802,US,,
GPA.3386-9536-3972-92534,2021-12-06,1638821662,Charged,starqltesq,Character Manager (Complete Reference for DnD 5),com.vansteinengroentjes.apps.ddfive,inapp,unlockcharactermanager,USD,5.49,0.40,5.89,SOUTH SALT LAKE,UT,84119,US,,
GPA.3351-9480-8348-84681,2021-12-06,1638821697,Charged,starqltesq,DM Tools (Complete Reference for DnD 5),com.vansteinengroentjes.apps.ddfive,inapp,premium,USD,3.49,0.25,3.74,SOUTH SALT LAKE,UT,84119,US,,
GPA.3391-7192-1608-00546,2021-12-06,1638825795,Charged,Miami_Pro,DM Tools (Complete Reference for DnD 5),com.vansteinengroentjes.apps.ddfive,inapp,premium,CAD,4.49,0.58,5.07,Vermilion Bay,ON,P0V2V0,CA,,
GPA.3343-8489-2905-14429,2021-12-06,1638828118,Charged,heroqltevzw,"Unlock DM tools, Dice tools and remove ads. (D20 Complete Reference)",com.vansteinengroentjes.apps.ddcompletereference,inapp,premium,USD,2.49,0.18,2.67,ROSELLE,IL,60172,US,,
GPA.3396-0444-6065-59598,2021-12-06,1638828148,Charged,heroqltevzw,Unlock Character Manager (D20 Complete Reference),com.vansteinengroentjes.apps.ddcompletereference,inapp,unlockcharactermanager,USD,1.96,0.13,2.09,ROSELLE,IL,60172,US,,
GPA.3391-9450-4759-55321,2021-12-07,1638838205,Charged,c1q,Character Manager (Complete Reference for Pathfinder 2),com.vansteinengroentjes.pathfindertwo,inapp,charpf2,USD,5.49,0.33,5.82,Bennington,VT,05201,US,,
GPA.3325-9107-4497-25452,2021-12-07,1638848378,Charged,rav,Character Manager (Complete Reference for Pathfinder),com.vansteinengroentjes.apps.ddpf,inapp,unlockcharactermanager,USD,1.99,0.10,2.09,Denver,CO,80211,US,,
GPA.3306-1256-5714-88430,2021-12-07,1638855801,Charged,d2xq2,Dungeon Master Tools (Complete Reference for Pathfinder 2),com.vansteinengroentjes.pathfindertwo,inapp,dmtoolspf2,USD,3.49,0.00,3.49,WESTVILLE,OK,74965,US,,
GPA.3387-8538-0668-81040,2021-12-07,1638885576,Charged,begonia,Character Manager (Complete Reference for DnD 5),com.vansteinengroentjes.apps.ddfive,inapp,unlockcharactermanager,EUR,4.19,0.80,4.99,,,,DE,,
GPA.3352-2760-7414-79863,2021-12-07,1638885585,Charged,begonia,DM Tools (Complete Reference for DnD 5),com.vansteinengroentjes.apps.ddfive,inapp,premium,EUR,2.51,0.48,2.99,,,,DE,,
GPA.3371-8216-1713-23526,2021-12-07,1638889851,Charged,crownqltesq,DM Tools (Complete Reference for DnD 5),com.vansteinengroentjes.apps.ddfive,inapp,premium,USD,3.49,0.28,3.77,Schenectady,NY,12305,US,,
GPA.3352-3462-3048-05649,2021-12-07,1638902946,Charged,beyond0q,Dungeon Master Tools (Complete Reference for Pathfinder 2),com.vansteinengroentjes.pathfindertwo,inapp,dmtoolspf2,USD,3.49,0.19,3.68,UNINCORPORATED,WI,53594,US,,
GPA.3341-1381-6448-36827,2021-12-07,1638902959,Charged,beyond0q,Character Manager (Complete Reference for Pathfinder 2),com.vansteinengroentjes.pathfindertwo,inapp,charpf2,USD,5.49,0.30,5.79,UNINCORPORATED,WI,53594,US,,
GPA.3338-6917-7336-24597,2021-12-07,1638920509,Charged,d2q,Character Manager (Complete Reference for DnD 5),com.vansteinengroentjes.apps.ddfive,inapp,unlockcharactermanager,USD,5.49,0.48,5.97,LOVES PARK,IL,61111,US,,
GPA.3332-9963-8265-99059,2021-12-08,1638924827,Charged,r8q,DM Tools (Complete Reference for DnD 5),com.vansteinengroentjes.apps.ddfive,inapp,premium,USD,3.49,0.25,3.74,ROCKFORD,OH,45882,US,,
GPA.3343-5447-9602-55491,2021-12-08,1638963772,Charged,p3q,Character Manager (Complete Reference for DnD 5),com.vansteinengroentjes.apps.ddfive,inapp,unlockcharactermanager,USD,5.49,0.33,5.82,CHARLESTOWN,MD,21903,US,,
GPA.3362-9151-5993-31934,2021-12-08,1638975201,Charged,beyond2q,Character Manager (Complete Reference for DnD 5),com.vansteinengroentjes.apps.ddfive,inapp,unlockcharactermanager,USD,5.49,0.36,5.85,APPLE VALLEY,UT,84737,US,,
GPA.3344-3707-6833-56644,2021-12-08,1638979692,Charged,x1q,Character Manager (Complete Reference for DnD 5),com.vansteinengroentjes.apps.ddfive,inapp,unlockcharactermanager,USD,5.49,0.49,5.98,GARDEN CITY,KS,67868,US,,
GPA.3312-7050-5448-34349,2021-12-09,1639015150,Charged,o1q,DM Tools (Complete Reference for DnD 5),com.vansteinengroentjes.apps.ddfive,inapp,premium,USD,3.49,0.23,3.72,Oregon,OH,43616,US,,
GPA.3365-2713-7513-18789,2021-12-09,1639043877,Charged,surya,Dungeon Master Tools (Complete Reference for Pathfinder 2),com.vansteinengroentjes.pathfindertwo,inapp,dmtoolspf2,EUR,2.41,0.58,2.99,,,,GR,,
GPA.3341-6551-9321-49132,2021-12-09,1639046055,Charged,borneo,DM Tools (Complete Reference for DnD 5),com.vansteinengroentjes.apps.ddfive,inapp,premium,USD,3.49,0.23,3.72,Rapid City,SD,57701,US,,
GPA.3328-8398-1600-03487,2021-12-09,1639066844,Charged,milletlteatt,"Unlock DM tools, Dice tools and remove ads. (D20 Complete Reference)",com.vansteinengroentjes.apps.ddcompletereference,inapp,premium,USD,2.49,0.00,2.49,BROKEN ARROW,OK,74012,US,,
GPA.3364-4886-9602-51116,2021-12-09,1639066855,Charged,milletlteatt,Unlock Character Manager (D20 Complete Reference),com.vansteinengroentjes.apps.ddcompletereference,inapp,unlockcharactermanager,USD,1.96,0.00,1.96,BROKEN ARROW,OK,74012,US,,
GPA.3357-0362-7432-18687,2021-12-09,1639072683,Charged,U325AC,DM Tools (Complete Reference for DnD 5),com.vansteinengroentjes.apps.ddfive,inapp,premium,USD,3.49,0.24,3.73,ALVIN,TX,77511,US,,
GPA.3334-5557-2187-24834,2021-12-09,1639073426,Charged,P027,DM Tools (Complete Reference for DnD 5),com.vansteinengroentjes.apps.ddfive,inapp,premium,USD,3.49,0.21,3.70,SCOTTS,MI,49088,US,,
GPA.3359-9105-6239-34580,2021-12-09,1639076784,Charged,o1q,DM Tools (Complete Reference for DnD 5),com.vansteinengroentjes.apps.ddfive,inapp,premium,USD,3.49,0.20,3.69,UNINCORPORATED,OH,45035,US,,
GPA.3304-4105-9851-16318,2021-12-09,1639088765,Charged,crownqltesq,Pathfinder DM tools (Complete Reference for Pathfinder),com.vansteinengroentjes.apps.ddpf,inapp,premium,USD,2.49,0.00,2.49,Lawton,OK,73505,US,,
GPA.3359-1718-2482-20014,2021-12-09,1639088779,Charged,crownqltesq,Character Manager (Complete Reference for Pathfinder),com.vansteinengroentjes.apps.ddpf,inapp,unlockcharactermanager,USD,1.99,0.00,1.99,Lawton,OK,73505,US,,
GPA.3346-1039-7390-27831,2021-12-10,1639096003,Charged,gta2xlwifi,Character Manager (Complete Reference for DnD 5),com.vansteinengroentjes.apps.ddfive,inapp,unlockcharactermanager,EUR,4.12,0.87,4.99,,,,NL,,
GPA.3357-7697-1219-19074,2021-12-10,1639096032,Charged,gta2xlwifi,DM Tools (Complete Reference for DnD 5),com.vansteinengroentjes.apps.ddfive,inapp,premium,EUR,2.47,0.52,2.99,,,,NL,,
GPA.3331-1859-4219-68916,2021-12-10,1639111271,Charged,blueline,Character Manager (Complete Reference for DnD 5),com.vansteinengroentjes.apps.ddfive,inapp,unlockcharactermanager,USD,5.49,0.35,5.84,GLASTONBURY,CT,06033,US,,
GPA.3360-3998-4682-03922,2021-12-10,1639142550,Charged,a52xq,DM Tools (Complete Reference for DnD 5),com.vansteinengroentjes.apps.ddfive,inapp,premium,USD,3.49,0.21,3.70,KENHORST,PA,19607,US,,
GPA.3313-8461-9595-17649,2021-12-10,1639154437,Charged,a51,Character Manager (Complete Reference for Pathfinder),com.vansteinengroentjes.apps.ddpf,inapp,unlockcharactermanager,USD,1.99,0.14,2.13,TOLEDO,OH,43613,US,,
GPA.3361-0496-8810-54548,2021-12-10,1639158070,Charged,a51x,Unlock Character Manager (D20 Complete Reference),com.vansteinengroentjes.apps.ddcompletereference,inapp,unlockcharactermanager,USD,1.96,0.00,1.96,CEDARVILLE,AR,72956,US,,
GPA.3304-3091-6104-41658,2021-12-10,1639168075,Charged,cruiserlteatt,Character Manager (Complete Reference for DnD 5),com.vansteinengroentjes.apps.ddfive,inapp,unlockcharactermanager,USD,5.49,0.00,5.49,JEFFERSON CITY,MO,65109,US,,
GPA.3366-0004-5972-27150,2021-12-11,1639189299,Charged,OnePlus8T,Pathfinder DM tools (Complete Reference for Pathfinder),com.vansteinengroentjes.apps.ddpf,inapp,premium,GBP,1.41,0.28,1.69,,,,GB,,
GPA.3390-4950-9174-15734,2021-12-11,1639192843,Charged,beyond1q,Character Manager (Complete Reference for DnD 5),com.vansteinengroentjes.apps.ddfive,inapp,unlockcharactermanager,USD,5.49,0.45,5.94,GLENDALE,AZ,85302,US,,
GPA.3384-1498-5957-99427,2021-12-11,1639206639,Charged,dream2qltesq,Character Manager (Complete Reference for DnD 5),com.vansteinengroentjes.apps.ddfive,inapp,unlockcharactermanager,USD,5.49,0.00,5.49,UNINCORPORATED,KS,67401,US,,
GPA.3344-8066-5593-50815,2021-12-11,1639216917,Charged,coral,Character Manager (Complete Reference for DnD 5),com.vansteinengroentjes.apps.ddfive,inapp,unlockcharactermanager,USD,5.49,0.45,5.94,ARLINGTON,TX,76006,US,,
GPA.3342-3301-4730-22065,2021-12-11,1639217540,Charged,q2q,Character Manager (Complete Reference for DnD 5),com.vansteinengroentjes.apps.ddfive,inapp,unlockcharactermanager,USD,5.49,0.00,5.49,NORFOLK,VA,23502,US,,
GPA.3397-9566-0049-45914,2021-12-11,1639236235,Charged,p3q,Character Manager (Complete Reference for DnD 5),com.vansteinengroentjes.apps.ddfive,inapp,unlockcharactermanager,USD,5.49,0.00,5.49,BAKERSFIELD,CA,93313,US,,
GPA.3309-9994-9654-37861,2021-12-11,1639257063,Charged,a32x,Site Crawler,com.vansteinengroentjes.apps.sitecrawler,paidapp,,GBP,2.16,0.43,2.59,,,,GB,,
GPA.3343-2307-5414-30205,2021-12-11,1639257205,Charged,y2q,DM Tools (Complete Reference for DnD 5),com.vansteinengroentjes.apps.ddfive,inapp,premium,USD,3.49,0.00,3.49,LOGANVILLE,GA,30052,US,,
GPA.3331-3770-6913-85945,2021-12-12,1639269173,Charged,beyond0q,Character Manager (Complete Reference for DnD 5),com.vansteinengroentjes.apps.ddfive,inapp,unlockcharactermanager,USD,5.49,0.34,5.83,GREEN VALLEY,AZ,85622,US,,
GPA.3318-9672-8486-78921,2021-12-12,1639271748,Charged,starqltesq,Character Manager (Complete Reference for DnD 5),com.vansteinengroentjes.apps.ddfive,inapp,unlockcharactermanager,USD,5.49,0.45,5.94,ARLINGTON,TX,76006,US,,
GPA.3371-1854-0519-78950,2021-12-12,1639282260,Charged,dream2qltesq,DM Tools (Complete Reference for DnD 5),com.vansteinengroentjes.apps.ddfive,inapp,premium,USD,3.49,0.00,3.49,UNINCORPORATED,KS,67401,US,,
GPA.3364-2481-0602-44164,2021-12-12,1639283688,Charged,t2q,Character Manager (Complete Reference for DnD 5),com.vansteinengroentjes.apps.ddfive,inapp,unlockcharactermanager,USD,5.49,0.45,5.94,LUBBOCK,TX,79424,US,,
GPA.3397-3191-6906-08195,2021-12-12,1639283703,Charged,t2q,DM Tools (Complete Reference for DnD 5),com.vansteinengroentjes.apps.ddfive,inapp,premium,USD,3.49,0.29,3.78,LUBBOCK,TX,79424,US,,
GPA.3395-0509-9687-89368,2021-12-12,1639295790,Charged,crownqltesq,DM Tools (Complete Reference for DnD 5),com.vansteinengroentjes.apps.ddfive,inapp,premium,USD,3.49,0.19,3.68,UNINCORPORATED,NE,68941,US,,
GPA.3310-0512-7900-07574,2021-12-12,1639295798,Charged,crownqltesq,Character Manager (Complete Reference for DnD 5),com.vansteinengroentjes.apps.ddfive,inapp,unlockcharactermanager,USD,5.49,0.30,5.79,UNINCORPORATED,NE,68941,US,,
GPA.3386-1510-4314-07889,2021-12-12,1639298273,Charged,y2s,DM Tools (Complete Reference for DnD 5),com.vansteinengroentjes.apps.ddfive,inapp,premium,EUR,2.47,0.52,2.99,,,,NL,,
GPA.3321-4624-9301-39572,2021-12-12,1639302214,Charged,p3q,Character Manager (Complete Reference for DnD 5),com.vansteinengroentjes.apps.ddfive,inapp,unlockcharactermanager,USD,5.49,0.43,5.92,ALBUQUERQUE,NM,87121,US,,
GPA.3362-5077-4584-51696,2021-12-12,1639302228,Charged,p3q,DM Tools (Complete Reference for DnD 5),com.vansteinengroentjes.apps.ddfive,inapp,premium,USD,3.49,0.28,3.77,ALBUQUERQUE,NM,87121,US,,
GPA.3362-3373-0643-19478,2021-12-12,1639309362,Charged,rav,DM Tools (Complete Reference for DnD 5),com.vansteinengroentjes.apps.ddfive,inapp,premium,USD,3.49,0.00,3.49,HARTWELL,GA,30643,US,,
GPA.3308-5512-2019-39591,2021-12-12,1639327314,Charged,starqltesq,Character Manager (Complete Reference for DnD 5),com.vansteinengroentjes.apps.ddfive,inapp,unlockcharactermanager,USD,5.49,0.38,5.87,Forest City,IA,50436,US,,
GPA.3370-2644-1732-82670,2021-12-12,1639327332,Charged,starqltesq,DM Tools (Complete Reference for DnD 5),com.vansteinengroentjes.apps.ddfive,inapp,premium,USD,3.49,0.24,3.73,Forest City,IA,50436,US,,
GPA.3301-7596-2982-01163,2021-12-12,1639331082,Charged,c2q,Character Manager (Complete Reference for DnD 5),com.vansteinengroentjes.apps.ddfive,inapp,unlockcharactermanager,USD,5.49,0.57,6.06,Seattle,WA,98126,US,,
GPA.3375-8736-4612-10421,2021-12-12,1639337316,Charged,U304AA,Character Manager (Complete Reference for DnD 5),com.vansteinengroentjes.apps.ddfive,inapp,unlockcharactermanager,USD,5.49,0.45,5.94,HEWITT,TX,76643,US,,
GPA.3369-5337-7968-17903,2021-12-12,1639337880,Charged,p3q,Character Manager (Complete Reference for DnD 5),com.vansteinengroentjes.apps.ddfive,inapp,unlockcharactermanager,USD,5.49,0.56,6.05,Kent,WA,98031,US,,
GPA.3363-8652-2817-94928,2021-12-12,1639343520,Charged,winglm,Character Manager (Complete Reference for DnD 5),com.vansteinengroentjes.apps.ddfive,inapp,unlockcharactermanager,USD,5.49,0.33,5.82,MOUNT PENN,PA,19606,US,,
GPA.3350-2297-6303-69201,2021-12-12,1639348212,Charged,hero2qlteatt,Character Manager (Complete Reference for DnD 5),com.vansteinengroentjes.apps.ddfive,inapp,unlockcharactermanager,USD,5.49,0.00,5.49,Chula Vista,CA,91911,US,,
GPA.3373-0587-8150-96180,2021-12-12,1639348230,Charged,hero2qlteatt,DM Tools (Complete Reference for DnD 5),com.vansteinengroentjes.apps.ddfive,inapp,premium,USD,3.49,0.00,3.49,Chula Vista,CA,91911,US,,
GPA.3349-1114-4535-13385,2021-12-12,1639349757,Charged,flame,Character Manager (Complete Reference for DnD 5),com.vansteinengroentjes.apps.ddfive,inapp,unlockcharactermanager,USD,5.49,0.38,5.87,CLARKSVILLE,IN,47150,US,,
GPA.3340-1836-6704-24071,2021-12-12,1639349764,Charged,bonito,DM Tools (Complete Reference for DnD 5),com.vansteinengroentjes.apps.ddfive,inapp,premium,USD,3.49,0.24,3.73,ANDERSON,IN,46013,US,,
GPA.3349-4652-6611-97291,2021-12-12,1639349912,Charged,bonito,Character Manager (Complete Reference for DnD 5),com.vansteinengroentjes.apps.ddfive,inapp,unlockcharactermanager,USD,5.49,0.38,5.87,ANDERSON,IN,46013,US,,
GPA.3346-6008-9874-21517,2021-12-12,1639351642,Charged,hero2qlteatt,"Unlock DM tools, Dice tools and remove ads. (D20 Complete Reference)",com.vansteinengroentjes.apps.ddcompletereference,inapp,premium,USD,2.49,0.00,2.49,Chula Vista,CA,91911,US,,
GPA.3368-8718-0545-83834,2021-12-12,1639351655,Charged,hero2qlteatt,Unlock Character Manager (D20 Complete Reference),com.vansteinengroentjes.apps.ddcompletereference,inapp,unlockcharactermanager,USD,1.96,0.00,1.96,Chula Vista,CA,91911,US,,
GPA.3363-4434-5441-90002,2021-12-13,1639361495,Charged,foles,"Unlock DM tools, Dice tools and remove ads. (D20 Complete Reference)",com.vansteinengroentjes.apps.ddcompletereference,inapp,premium,USD,2.49,0.23,2.72,CLARKSVILLE,TN,37040,US,,
GPA.3301-9368-7078-19682,2021-12-13,1639361723,Charged,mdh10lm,Character Manager (Complete Reference for DnD 5),com.vansteinengroentjes.apps.ddfive,inapp,unlockcharactermanager,USD,5.49,0.33,5.82,Reading,PA,19602,US,,
GPA.3318-9672-8486-78921,2021-12-13,1639362443,Refund,starqltesq,Character Manager (Complete Reference for DnD 5),com.vansteinengroentjes.apps.ddfive,inapp,unlockcharactermanager,USD,5.49,-0.45,-5.94,ARLINGTON,TX,76006,US,,
GPA.3340-9052-8423-41971,2021-12-13,1639362491,Charged,r8q,Character Manager (Complete Reference for DnD 5),com.vansteinengroentjes.apps.ddfive,inapp,unlockcharactermanager,USD,5.49,0.33,5.82,Reading,PA,19605,US,,
GPA.3378-9438-8673-64930,2021-12-13,1639367899,Charged,a20p,DM Tools (Complete Reference for DnD 5),com.vansteinengroentjes.apps.ddfive,inapp,premium,USD,3.49,0.00,3.49,CARTERVILLE,MO,64835,US,,
GPA.3325-1934-7676-37149,2021-12-13,1639368727,Charged,Elite_C55US,Character Manager (Complete Reference for DnD 5),com.vansteinengroentjes.apps.ddfive,inapp,unlockcharactermanager,USD,5.49,0.00,5.49,FRESNO,CA,93722,US,,
GPA.3357-0842-9794-85523,2021-12-13,1639407749,Charged,herolte,Dungeon Master Tools (Complete Reference for Pathfinder 2),com.vansteinengroentjes.pathfindertwo,inapp,dmtoolspf2,NOK,22.40,5.60,28.00,,,,NO,,
GPA.3394-8087-7905-20815,2021-12-13,1639410605,Charged,guamna,DM Tools (Complete Reference for DnD 5),com.vansteinengroentjes.apps.ddfive,inapp,premium,USD,3.49,0.32,3.81,SHREVEPORT,LA,71118,US,,
GPA.3323-7263-5482-29210,2021-12-13,1639410624,Charged,guamna,Character Manager (Complete Reference for DnD 5),com.vansteinengroentjes.apps.ddfive,inapp,unlockcharactermanager,USD,5.49,0.49,5.98,SHREVEPORT,LA,71118,US,,
GPA.3323-4725-7439-37206,2021-12-13,1639411542,Charged,guamna,Character Manager (Complete Reference for DnD 5),com.vansteinengroentjes.apps.ddfive,inapp,unlockcharactermanager,USD,5.49,0.36,5.85,Staunton,IL,62088,US,,
GPA.3385-3734-5217-84419,2021-12-13,1639417901,Charged,c2q,Dungeon Master Tools (Complete Reference for Pathfinder 2),com.vansteinengroentjes.pathfindertwo,inapp,dmtoolspf2,USD,3.49,0.28,3.77,UNINCORPORATED,NY,13126,US,,
GPA.3329-8463-8254-85418,2021-12-13,1639424538,Charged,crownqltesq,DM Tools (Complete Reference for DnD 5),com.vansteinengroentjes.apps.ddfive,inapp,premium,USD,3.49,0.31,3.80,KENT,WA,98042,US,,
GPA.3350-9680-7407-02901,2021-12-13,1639424574,Charged,crownqltesq,Character Manager (Complete Reference for DnD 5),com.vansteinengroentjes.apps.ddfive,inapp,unlockcharactermanager,USD,5.49,0.48,5.97,KENT,WA,98042,US,,
GPA.3344-3534-2048-98589,2021-12-13,1639434633,Charged,acer_asgard,Dungeon Master Tools (Complete Reference for Pathfinder 2),com.vansteinengroentjes.pathfindertwo,inapp,dmtoolspf2,EUR,2.51,0.48,2.99,,,,DE,,
GPA.3321-7367-7066-50219,2021-12-13,1639435966,Charged,a71xq,Character Manager (Complete Reference for Pathfinder 2),com.vansteinengroentjes.pathfindertwo,inapp,charpf2,USD,5.49,0.00,5.49,Wasilla,AK,99654,US,,
GPA.3362-0784-0499-90516,2021-12-13,1639436001,Charged,a71xq,Dungeon Master Tools (Complete Reference for Pathfinder 2),com.vansteinengroentjes.pathfindertwo,inapp,dmtoolspf2,USD,3.49,0.00,3.49,Wasilla,AK,99654,US,,
GPA.3350-1256-5182-76572,2021-12-13,1639438251,Charged,renoir,Mistrzostwa Europy 2012,com.droidbs.apps.ekapp2012,paidapp,,PLN,4.30,0.99,5.29,,,,PL,,
GPA.3398-2550-1522-70615,2021-12-14,1639444299,Charged,p3q,Character Manager (Complete Reference for DnD 5),com.vansteinengroentjes.apps.ddfive,inapp,unlockcharactermanager,USD,5.49,0.38,5.87,CEDAR RAPIDS,IA,52402,US,,
GPA.3315-9396-3900-13424,2021-12-14,1639445185,Charged,sunfish,Character Manager (Complete Reference for DnD 5),com.vansteinengroentjes.apps.ddfive,inapp,unlockcharactermanager,USD,5.49,0.40,5.89,LINCOLN,NE,68521,US,,
GPA.3302-1488-4725-64993,2021-12-14,1639448961,Charged,OnePlusN100TMO,Character Manager (Complete Reference for DnD 5),com.vansteinengroentjes.apps.ddfive,inapp,unlockcharactermanager,USD,5.49,0.00,5.49,UNINCORPORATED,GA,30213,US,,
GPA.3334-9737-2609-97576,2021-12-14,1639450553,Charged,mdh50lm,Character Manager (Complete Reference for DnD 5),com.vansteinengroentjes.apps.ddfive,inapp,unlockcharactermanager,USD,5.49,0.44,5.93,CLEVELAND,OH,44119,US,,
GPA.3374-1254-6352-80751,2021-12-14,1639453441,Charged,starqltesq,Character Manager (Complete Reference for DnD 5),com.vansteinengroentjes.apps.ddfive,inapp,unlockcharactermanager,USD,5.49,0.00,5.49,GUNNISON,CO,81230,US,,
GPA.3399-3680-8784-87679,2021-12-14,1639468645,Charged,greatqlte,DM Tools (Complete Reference for DnD 5),com.vansteinengroentjes.apps.ddfive,inapp,premium,USD,3.49,0.00,3.49,MACON,GA,31210,US,,
GPA.3370-4599-7781-34904,2021-12-14,1639484942,Charged,starqltesq,"Unlock DM tools, Dice tools and remove ads. (D20 Complete Reference)",com.vansteinengroentjes.apps.ddcompletereference,inapp,premium,USD,2.49,0.17,2.66,BUFFALO,IA,52804,US,,
GPA.3366-8860-6618-43174,2021-12-14,1639484960,Charged,starqltesq,Unlock Character Manager (D20 Complete Reference),com.vansteinengroentjes.apps.ddcompletereference,inapp,unlockcharactermanager,USD,1.96,0.14,2.10,BUFFALO,IA,52804,US,,
GPA.3398-9704-7757-29406,2021-12-14,1639492103,Charged,oriole,Character Manager (Complete Reference for DnD 5),com.vansteinengroentjes.apps.ddfive,inapp,unlockcharactermanager,AUD,7.26,0.73,7.99,,,2602,AU,,
GPA.3314-6540-9320-17880,2021-12-14,1639503861,Charged,bramble,DM Tools (Complete Reference for DnD 5),com.vansteinengroentjes.apps.ddfive,inapp,premium,USD,3.49,0.23,3.72,UNINCORPORATED,OH,44491,US,,
GPA.3337-3198-7370-66095,2021-12-14,1639503876,Charged,bramble,Character Manager (Complete Reference for DnD 5),com.vansteinengroentjes.apps.ddfive,inapp,unlockcharactermanager,USD,5.49,0.37,5.86,UNINCORPORATED,OH,44491,US,,
GPA.3333-4889-5157-97429,2021-12-15,1639546454,Charged,d2q,Character Manager (Complete Reference for Pathfinder),com.vansteinengroentjes.apps.ddpf,inapp,unlockcharactermanager,USD,1.99,0.00,1.99,BALDWIN PARK,MO,64080,US,,
GPA.3369-8451-4417-03878,2021-12-15,1639546479,Charged,d2q,Pathfinder DM tools (Complete Reference for Pathfinder),com.vansteinengroentjes.apps.ddpf,inapp,premium,USD,2.49,0.00,2.49,BALDWIN PARK,MO,64080,US,,
GPA.3306-8304-9884-84232,2021-12-15,1639555178,Charged,cv7as,Character Manager (Complete Reference for DnD 5),com.vansteinengroentjes.apps.ddfive,inapp,unlockcharactermanager,USD,5.49,0.00,5.49,Ocala,FL,34470,US,,
GPA.3383-0990-8373-89185,2021-12-15,1639571838,Refund,Z3153,Unlock Character Manager (D20 Complete Reference),com.vansteinengroentjes.apps.ddcompletereference,inapp,unlockcharactermanager,USD,1.96,-0.16,-2.12,BURKBURNETT,TX,76354,US,,
GPA.3392-7598-4385-70596,2021-12-15,1639578904,Charged,redfin,"Unlock DM tools, Dice tools and remove ads. (D20 Complete Reference)",com.vansteinengroentjes.apps.ddcompletereference,inapp,premium,USD,2.49,0.09,2.58,Denver,CO,80247,US,,
GPA.3348-7806-3550-24030,2021-12-15,1639578937,Charged,redfin,Unlock Character Manager (D20 Complete Reference),com.vansteinengroentjes.apps.ddcompletereference,inapp,unlockcharactermanager,USD,1.96,0.07,2.03,Denver,CO,80247,US,,
GPA.3370-0881-8370-68461,2021-12-15,1639588654,Charged,crownqltesq,DM Tools (Complete Reference for DnD 5),com.vansteinengroentjes.apps.ddfive,inapp,premium,USD,3.49,0.25,3.74,ALMA,TX,75119,US,,
GPA.3306-2566-6413-47465,2021-12-15,1639599360,Charged,b2q,Character Manager (Complete Reference for Pathfinder 2),com.vansteinengroentjes.pathfindertwo,inapp,charpf2,USD,5.49,0.36,5.85,GLOUCESTER CITY,NJ,08059,US,,
GPA.3365-9986-8622-97314,2021-12-15,1639599796,Charged,HWLYA,"Unlock DM tools, Dice tools and remove ads. (D20 Complete Reference)",com.vansteinengroentjes.apps.ddcompletereference,inapp,premium,GBP,2.24,0.45,2.69,,,,GB,,
GPA.3376-2329-7162-59729,2021-12-15,1639608068,Charged,kiev,DM Tools (Complete Reference for DnD 5),com.vansteinengroentjes.apps.ddfive,inapp,premium,USD,3.49,0.31,3.80,BROOKLYN,NY,11234,US,,
GPA.3332-9604-8830-95572,2021-12-15,1639608951,Charged,kukui_cheets,DM Tools (Complete Reference for DnD 5),com.vansteinengroentjes.apps.ddfive,inapp,premium,USD,3.49,0.30,3.79,MOSES LAKE,WA,98837,US,,
GPA.3313-9470-3283-53566,2021-12-15,1639609869,Charged,p3s,DM Tools (Complete Reference for DnD 5),com.vansteinengroentjes.apps.ddfive,inapp,premium,USD,3.49,0.32,3.81,BLUFF CITY,TN,37686,US,,
GPA.3379-2460-4388-94917,2021-12-15,1639609891,Charged,p3s,Character Manager (Complete Reference for DnD 5),com.vansteinengroentjes.apps.ddfive,inapp,unlockcharactermanager,USD,5.49,0.50,5.99,BLUFF CITY,TN,37686,US,,
GPA.3386-4340-9920-01333,2021-12-15,1639612316,Charged,sofia,"Unlock DM tools, Dice tools and remove ads. (D20 Complete Reference)",com.vansteinengroentjes.apps.ddcompletereference,inapp,premium,USD,2.49,0.18,2.67,BULL VALLEY,IL,60012,US,,
GPA.3301-5989-9651-80122,2021-12-16,1639615812,Charged,a52xq,Character Manager (Complete Reference for DnD 5),com.vansteinengroentjes.apps.ddfive,inapp,unlockcharactermanager,USD,5.49,0.00,5.49,BELLA VISTA,AR,72714,US,,
GPA.3384-4680-9974-65080,2021-12-16,1639622779,Charged,a11q,Character Manager (Complete Reference for DnD 5),com.vansteinengroentjes.apps.ddfive,inapp,unlockcharactermanager,USD,5.49,0.33,5.82,HEBRON,KY,41048,US,,
GPA.3323-9871-7638-48223,2021-12-16,1639634708,Charged,sargo,Character Manager (Complete Reference for DnD 5),com.vansteinengroentjes.apps.ddfive,inapp,unlockcharactermanager,USD,5.49,0.45,5.94,San Antonio,TX,78250,US,,
GPA.3313-8739-9930-90038,2021-12-16,1639634728,Charged,sargo,DM Tools (Complete Reference for DnD 5),com.vansteinengroentjes.apps.ddfive,inapp,premium,USD,3.49,0.29,3.78,San Antonio,TX,78250,US,,
GPA.3311-9393-1159-34908,2021-12-16,1639640433,Charged,a52xq,"Unlock DM tools, Dice tools and remove ads. (D20 Complete Reference)",com.vansteinengroentjes.apps.ddcompletereference,inapp,premium,CAD,3.69,0.18,3.87,Brooks,AB,T1R 0B1,CA,,
GPA.3390-8764-2247-21473,2021-12-16,1639649469,Charged,OnePlus5T,Character Manager (Complete Reference for DnD 5),com.vansteinengroentjes.apps.ddfive,inapp,unlockcharactermanager,EUR,4.12,0.87,4.99,,,,BE,,
GPA.3317-5723-0757-25430,2021-12-16,1639679563,Charged,r8q,DM Tools (Complete Reference for DnD 5),com.vansteinengroentjes.apps.ddfive,inapp,premium,USD,3.49,0.22,3.71,Minooka,IL,60447,US,,
GPA.3373-5518-6752-28121,2021-12-16,1639682017,Charged,maltalsc,Character Manager (Complete Reference for DnD 5),com.vansteinengroentjes.apps.ddfive,inapp,unlockcharactermanager,GBP,3.49,0.70,4.19,,,,GB,,
GPA.3364-6898-0005-62566,2021-12-16,1639692793,Charged,river,Unlock Character Manager (D20 Complete Reference),com.vansteinengroentjes.apps.ddcompletereference,inapp,unlockcharactermanager,USD,1.96,0.00,1.96,Mountain home,ID,83647,US,,
GPA.3313-9541-9030-68387,2021-12-17,1639699240,Charged,tf840,Character Manager (Complete Reference for DnD 5),com.vansteinengroentjes.apps.ddfive,inapp,unlockcharactermanager,CAD,7.49,0.97,8.46,New Lowell,ON,L0M 1N0,CA,,
GPA.3379-9887-0688-79653,2021-12-17,1639699266,Charged,tf840,DM Tools (Complete Reference for DnD 5),com.vansteinengroentjes.apps.ddfive,inapp,premium,CAD,4.49,0.58,5.07,New Lowell,ON,L0M 1N0,CA,,
GPA.3329-7487-1742-77743,2021-12-17,1639704895,Charged,flame,Character Manager (Complete Reference for DnD 5),com.vansteinengroentjes.apps.ddfive,inapp,unlockcharactermanager,USD,5.49,0.38,5.87,ALGONQUIN,IL,60156,US,,
GPA.3372-3708-8954-98601,2021-12-17,1639704914,Charged,flame,DM Tools (Complete Reference for DnD 5),com.vansteinengroentjes.apps.ddfive,inapp,premium,USD,3.49,0.25,3.74,ALGONQUIN,IL,60156,US,,
GPA.3394-1860-6913-78037,2021-12-17,1639708749,Charged,beyond2q,DM Tools (Complete Reference for DnD 5),com.vansteinengroentjes.apps.ddfive,inapp,premium,USD,3.49,0.24,3.73,KING,NC,27021,US,,
GPA.3343-0688-2435-29269,2021-12-17,1639708763,Charged,beyond2q,Character Manager (Complete Reference for DnD 5),com.vansteinengroentjes.apps.ddfive,inapp,unlockcharactermanager,USD,5.49,0.37,5.86,KING,NC,27021,US,,
GPA.3374-0472-7360-28487,2021-12-17,1639712693,Charged,q2q,DM Tools (Complete Reference for DnD 5),com.vansteinengroentjes.apps.ddfive,inapp,premium,USD,3.49,0.00,3.49,ALBANY,OR,97322,US,,
GPA.3365-0338-1965-88032,2021-12-17,1639715454,Charged,river,DM Tools (Complete Reference for DnD 5),com.vansteinengroentjes.apps.ddfive,inapp,premium,USD,3.49,0.00,3.49,Mountain home,ID,83647,US,,
GPA.3377-7913-8535-02506,2021-12-17,1639728595,Charged,cedric,Character Manager (Complete Reference for DnD 5),com.vansteinengroentjes.apps.ddfive,inapp,unlockcharactermanager,GBP,3.49,0.70,4.19,,,,GB,,
GPA.3316-8588-0793-90175,2021-12-17,1639747295,Charged,surya,Character Manager (Complete Reference for DnD 5),com.vansteinengroentjes.apps.ddfive,inapp,unlockcharactermanager,PHP,295.00,0.00,295.00,Dumaguete City,NEGROS ORIENTAL,6200,PH,,
GPA.3358-1718-2838-61092,2021-12-17,1639749391,Charged,Nord,Character Manager (Complete Reference for Pathfinder),com.vansteinengroentjes.apps.ddpf,inapp,unlockcharactermanager,GBP,1.57,0.32,1.89,,,,GB,,
GPA.3348-1714-2867-95839,2021-12-17,1639749523,Charged,Nord,Pathfinder DM tools (Complete Reference for Pathfinder),com.vansteinengroentjes.apps.ddpf,inapp,premium,GBP,1.41,0.28,1.69,,,,GB,,
GPA.3321-9671-7801-74033,2021-12-17,1639758951,Charged,flame,Character Manager (Complete Reference for DnD 5),com.vansteinengroentjes.apps.ddfive,inapp,unlockcharactermanager,USD,5.49,0.57,6.06,Seattle,WA,98125,US,,
GPA.3307-6003-2983-32479,2021-12-17,1639761644,Charged,d1q,DM Tools (Complete Reference for DnD 5),com.vansteinengroentjes.apps.ddfive,inapp,premium,USD,3.49,0.28,3.77,AUBURN,NY,13021,US,,
GPA.3397-9739-0226-16796,2021-12-17,1639767324,Charged,z3s,DM Tools (Complete Reference for DnD 5),com.vansteinengroentjes.apps.ddfive,inapp,premium,GBP,2.16,0.43,2.59,,,,GB,,
GPA.3349-4849-3260-36772,2021-12-18,1639787970,Charged,sunfish,Character Manager (Complete Reference for DnD 5),com.vansteinengroentjes.apps.ddfive,inapp,unlockcharactermanager,USD,5.49,0.38,5.87,Mishawaka,IN,46545,US,,
GPA.3306-9160-6218-41824,2021-12-18,1639794412,Charged,r8q,Character Manager (Complete Reference for DnD 5),com.vansteinengroentjes.apps.ddfive,inapp,unlockcharactermanager,USD,5.49,0.37,5.86,Sullivan,IL,61951,US,,
GPA.3336-0156-7567-91666,2021-12-18,1639797872,Charged,o1q,Character Manager (Complete Reference for DnD 5),com.vansteinengroentjes.apps.ddfive,inapp,unlockcharactermanager,USD,5.49,0.00,5.49,TAMPA,FL,33544,US,,
GPA.3336-6954-0341-35855,2021-12-18,1639811313,Charged,o1q,Character Manager (Complete Reference for DnD 5),com.vansteinengroentjes.apps.ddfive,inapp,unlockcharactermanager,USD,5.49,0.30,5.79,UNINCORPORATED,ME,04284,US,,
GPA.3346-7397-9406-40013,2021-12-18,1639811379,Charged,o1q,DM Tools (Complete Reference for DnD 5),com.vansteinengroentjes.apps.ddfive,inapp,premium,USD,3.49,0.19,3.68,UNINCORPORATED,ME,04284,US,,
GPA.3318-2236-5808-42661,2021-12-18,1639812698,Charged,gt58wifi,Character Manager (Complete Reference for Pathfinder),com.vansteinengroentjes.apps.ddpf,inapp,unlockcharactermanager,CAD,2.49,0.12,2.61,Haines Junction,YT,Y0B 1L0,CA,,
GPA.3335-1124-1141-35308,2021-12-18,1639812745,Charged,gt58wifi,Pathfinder DM tools (Complete Reference for Pathfinder),com.vansteinengroentjes.apps.ddpf,inapp,premium,CAD,2.39,0.12,2.51,Haines Junction,YT,Y0B 1L0,CA,,
GPA.3368-6174-5911-81669,2021-12-18,1639822201,Charged,beyond0q,Character Manager (Complete Reference for DnD 5),com.vansteinengroentjes.apps.ddfive,inapp,unlockcharactermanager,USD,5.49,0.00,5.49,Mena,AR,71953,US,,
GPA.3333-6586-4764-62351,2021-12-18,1639837760,Charged,caprip,DM Tools (Complete Reference for DnD 5),com.vansteinengroentjes.apps.ddfive,inapp,premium,USD,3.49,0.00,3.49,Pembroke Pines,FL,33029,US,,
GPA.3374-5103-0304-19053,2021-12-18,1639841590,Charged,minsk,Character Manager (Complete Reference for Pathfinder),com.vansteinengroentjes.apps.ddpf,inapp,unlockcharactermanager,USD,1.99,0.18,2.17,SPARTA,TN,38583,US,,
GPA.3324-2619-2250-02377,2021-12-18,1639847176,Charged,Porto,Character Manager (Complete Reference for DnD 5),com.vansteinengroentjes.apps.ddfive,inapp,unlockcharactermanager,USD,5.49,0.33,5.82,PORT HURON,MI,48060,US,,
GPA.3320-4703-4610-67825,2021-12-18,1639856802,Charged,beyond2q,Character Manager (Complete Reference for DnD 5),com.vansteinengroentjes.apps.ddfive,inapp,unlockcharactermanager,USD,5.49,0.38,5.87,South Bend,IN,46614,US,,
GPA.3351-4042-4365-60605,2021-12-18,1639861327,Charged,p3q,Character Manager (Complete Reference for DnD 5),com.vansteinengroentjes.apps.ddfive,inapp,unlockcharactermanager,USD,5.49,0.33,5.82,LANSING,MI,48906,US,,
GPA.3399-9459-0951-16231,2021-12-18,1639861360,Charged,p3q,DM Tools (Complete Reference for DnD 5),com.vansteinengroentjes.apps.ddfive,inapp,premium,USD,3.49,0.21,3.70,LANSING,MI,48906,US,,
GPA.3397-2254-6367-00720,2021-12-18,1639865867,Charged,OP4B83L1,Dungeon Master Tools (Complete Reference for Pathfinder 2),com.vansteinengroentjes.pathfindertwo,inapp,dmtoolspf2,EUR,2.51,0.48,2.99,,,,DE,,
GPA.3371-8801-5795-06169,2021-12-18,1639865890,Charged,OP4B83L1,Character Manager (Complete Reference for Pathfinder 2),com.vansteinengroentjes.pathfindertwo,inapp,charpf2,EUR,4.19,0.80,4.99,,,,DE,,
GPA.3394-8628-4036-94873,2021-12-18,1639866526,Charged,a32x,Character Manager (Complete Reference for Pathfinder),com.vansteinengroentjes.apps.ddpf,inapp,unlockcharactermanager,CAD,2.49,0.12,2.61,Edmonton,AB,T5Y 0E4,CA,,
GPA.3384-0613-5940-31023,2021-12-18,1639867556,Charged,cyprus,Dungeon Master Tools (Complete Reference for Pathfinder 2),com.vansteinengroentjes.pathfindertwo,inapp,dmtoolspf2,EUR,2.51,0.48,2.99,,,,DE,,
GPA.3357-4999-4135-51582,2021-12-18,1639868929,Charged,c2q,Character Manager (Complete Reference for DnD 5),com.vansteinengroentjes.apps.ddfive,inapp,unlockcharactermanager,USD,5.49,0.36,5.85,Vineland,NJ,08360,US,,
GPA.3317-1830-0413-48341,2021-12-19,1639875112,Charged,p3q,Dungeon Master Tools (Complete Reference for Pathfinder 2),com.vansteinengroentjes.pathfindertwo,inapp,dmtoolspf2,USD,3.49,0.30,3.79,Kennewick,WA,99336,US,,
GPA.3324-8941-0032-75380,2021-12-19,1639882747,Charged,gts3lwifi,Character Manager (Complete Reference for DnD 5),com.vansteinengroentjes.apps.ddfive,inapp,unlockcharactermanager,USD,5.49,0.45,5.94,GARLAND,TX,75042,US,,
GPA.3356-0638-9018-22356,2021-12-19,1639887686,Charged,d2q,Character Manager (Complete Reference for DnD 5),com.vansteinengroentjes.apps.ddfive,inapp,unlockcharactermanager,USD,5.49,0.33,5.82,RADCLIFF,KY,40160,US,,
GPA.3391-0191-5835-31398,2021-12-19,1639887697,Charged,crownqltesq,Character Manager (Complete Reference for DnD 5),com.vansteinengroentjes.apps.ddfive,inapp,unlockcharactermanager,USD,5.49,0.39,5.88,ALMA,TX,75119,US,,
GPA.3398-3693-9710-19768,2021-12-19,1639898212,Charged,OP4B80L1,Character Manager (Complete Reference for DnD 5),com.vansteinengroentjes.apps.ddfive,inapp,unlockcharactermanager,AUD,7.26,0.73,7.99,Banyo,QLD,4014,AU,,
GPA.3304-2199-9322-82199,2021-12-19,1639933809,Charged,y2q,Character Manager (Complete Reference for DnD 5),com.vansteinengroentjes.apps.ddfive,inapp,unlockcharactermanager,CAD,7.49,0.89,8.38,Prince George,BC,V2M 4T5,CA,,
GPA.3310-8770-6712-86675,2021-12-19,1639934321,Charged,y2q,DM Tools (Complete Reference for DnD 5),com.vansteinengroentjes.apps.ddfive,inapp,premium,CAD,4.49,0.53,5.02,Prince George,BC,V2M 4T5,CA,,
GPA.3301-7396-6314-64595,2021-12-19,1639945990,Charged,d2q,"Unlock DM tools, Dice tools and remove ads. (D20 Complete Reference)",com.vansteinengroentjes.apps.ddcompletereference,inapp,premium,USD,2.49,0.00,2.49,PENSACOLA,FL,32505,US,,
GPA.3325-6970-2688-40082,2021-12-19,1639946010,Charged,d2q,Unlock Character Manager (D20 Complete Reference),com.vansteinengroentjes.apps.ddcompletereference,inapp,unlockcharactermanager,USD,1.96,0.00,1.96,PENSACOLA,FL,32505,US,,
GPA.3366-1698-0777-29113,2021-12-19,1639954461,Charged,timelm,Character Manager (Complete Reference for DnD 5),com.vansteinengroentjes.apps.ddfive,inapp,unlockcharactermanager,USD,5.49,0.33,5.82,NOVI,MI,48374,US,,
GPA.3345-2702-5512-29810,2021-12-19,1639956176,Charged,z3q,Character Manager (Complete Reference for DnD 5),com.vansteinengroentjes.apps.ddfive,inapp,unlockcharactermanager,USD,5.49,0.00,5.49,spartanburg,SC,29302,US,,
GPA.3365-0570-4025-74215,2021-12-20,1639958941,Charged,a52xq,Remove advertisements (Whisky App),com.vansteinengroentjes.apps.whisky,inapp,com.vansteinengroentjes.apps.whisky.adverts,CAD,2.05,0.27,2.32,Kingston,ON,K7m 4t6,CA,,
GPA.3378-6891-6520-07875,2021-12-20,1639975464,Charged,gta4xlwifi,Character Manager (Complete Reference for DnD 5),com.vansteinengroentjes.apps.ddfive,inapp,unlockcharactermanager,USD,5.49,0.57,6.06,SEATTLE,WA,98115,US,,
GPA.3320-6758-7399-96555,2021-12-20,1639983696,Charged,U304AA,DM Tools (Complete Reference for DnD 5),com.vansteinengroentjes.apps.ddfive,inapp,premium,USD,3.49,0.29,3.78,HEWITT,TX,76643,US,,
GPA.3382-8939-3088-25061,2021-12-20,1639994443,Charged,davinci,Character Manager (Complete Reference for Pathfinder),com.vansteinengroentjes.apps.ddpf,inapp,unlockcharactermanager,EUR,-0.19,0.38,0.19,,,,ES,,
GPA.3396-1688-8642-75150,2021-12-20,1639996235,Charged,lima,"Unlock DM tools, Dice tools and remove ads. (D20 Complete Reference)",com.vansteinengroentjes.apps.ddcompletereference,inapp,premium,MXN,42.24,6.76,49.00,,,44000,MX,,
GPA.3364-1350-6101-70944,2021-12-20,1639996254,Charged,lima,Unlock Character Manager (D20 Complete Reference),com.vansteinengroentjes.apps.ddcompletereference,inapp,unlockcharactermanager,MXN,25.74,4.12,29.86,,,44000,MX,,
GPA.3375-1128-4972-82573,2021-12-20,1640020960,Charged,f2q,Character Manager (Complete Reference for DnD 5),com.vansteinengroentjes.apps.ddfive,inapp,unlockcharactermanager,USD,5.49,0.63,6.12,Arecibo,PR,00612,US,,
GPA.3348-4253-6934-33689,2021-12-20,1640022145,Charged,phoenix_sprout,Character Manager (Complete Reference for DnD 5),com.vansteinengroentjes.apps.ddfive,inapp,unlockcharactermanager,CAD,7.49,1.12,8.61,Dartmouth,NS,B2Y3C3,CA,,
GPA.3399-2991-8401-99923,2021-12-20,1640025975,Charged,a52xq,Character Manager (Complete Reference for DnD 5),com.vansteinengroentjes.apps.ddfive,inapp,unlockcharactermanager,EUR,4.19,0.80,4.99,,,,DE,,
GPA.3373-6653-1413-69610,2021-12-20,1640037624,Charged,blueline,DM Tools (Complete Reference for DnD 5),com.vansteinengroentjes.apps.ddfive,inapp,premium,USD,3.49,0.23,3.72,RARITAN,NJ,08869,US,,
GPA.3398-8529-6506-32486,2021-12-20,1640037782,Charged,blueline,Character Manager (Complete Reference for DnD 5),com.vansteinengroentjes.apps.ddfive,inapp,unlockcharactermanager,USD,5.49,0.36,5.85,RARITAN,NJ,08869,US,,
GPA.3331-6785-1448-04589,2021-12-21,1640056341,Charged,dream2qltesq,Character Manager (Complete Reference for DnD 5),com.vansteinengroentjes.apps.ddfive,inapp,unlockcharactermanager,USD,5.49,0.54,6.03,UNINCORPORATED,LA,70466,US,,
GPA.3309-3217-7109-90153,2021-12-21,1640090603,Charged,gts6l,"Unlock DM tools, Dice tools and remove ads. (D20 Complete Reference)",com.vansteinengroentjes.apps.ddcompletereference,inapp,premium,USD,2.49,0.21,2.70,EL PASO,TX,79938,US,,
GPA.3321-7490-1656-88155,2021-12-21,1640090620,Charged,gts6l,Unlock Character Manager (D20 Complete Reference),com.vansteinengroentjes.apps.ddcompletereference,inapp,unlockcharactermanager,USD,1.96,0.16,2.12,EL PASO,TX,79938,US,,
GPA.3314-1501-4940-09993,2021-12-21,1640122497,Charged,beyond1q,Unlock Character Manager (D20 Complete Reference),com.vansteinengroentjes.apps.ddcompletereference,inapp,unlockcharactermanager,USD,1.96,0.17,2.13,BANKS,AL,36005,US,,
GPA.3329-5823-0300-14799,2021-12-22,1640131411,Charged,c1q,Dungeon Master Tools (Complete Reference for Pathfinder 2),com.vansteinengroentjes.pathfindertwo,inapp,dmtoolspf2,USD,3.49,0.33,3.82,Hohenwald,TN,38462,US,,
GPA.3353-9935-9137-86120,2021-12-22,1640133131,Charged,sofiap,DM Tools (Complete Reference for DnD 5),com.vansteinengroentjes.apps.ddfive,inapp,premium,USD,3.49,0.00,3.49,CITRUS HEIGHTS,CA,95621,US,,
GPA.3302-8471-8597-08564,2021-12-22,1640133460,Charged,kiev,Character Manager (Complete Reference for DnD 5),com.vansteinengroentjes.apps.ddfive,inapp,unlockcharactermanager,USD,5.49,0.20,5.69,Pueblo,CO,81008,US,,
GPA.3375-3943-6144-82348,2021-12-22,1640140568,Charged,a71,Dungeon Master Tools (Complete Reference for Pathfinder 2),com.vansteinengroentjes.pathfindertwo,inapp,dmtoolspf2,CAD,4.49,0.67,5.16,Gatineau,QC,J8P 8C3,CA,,
GPA.3349-8950-8948-19455,2021-12-22,1640142794,Charged,Sprout,Character Manager (Complete Reference for Pathfinder),com.vansteinengroentjes.apps.ddpf,inapp,unlockcharactermanager,USD,1.99,0.17,2.16,Phoenix,AZ,85020,US,,
GPA.3371-3098-3070-59850,2021-12-22,1640152676,Charged,pettyl,Character Manager (Complete Reference for Pathfinder),com.vansteinengroentjes.apps.ddpf,inapp,unlockcharactermanager,USD,2.02,0.00,2.02,San Miguel De Tucumn,Tucumn,4000,AR,,
GPA.3393-6946-0136-97328,2021-12-22,1640153010,Charged,pettyl,Pathfinder DM tools (Complete Reference for Pathfinder),com.vansteinengroentjes.apps.ddpf,inapp,premium,USD,1.90,0.00,1.90,San Miguel De Tucumn,Tucumn,4000,AR,,
GPA.3343-8164-6735-78224,2021-12-22,1640154032,Charged,r8q,Character Manager (Complete Reference for DnD 5),com.vansteinengroentjes.apps.ddfive,inapp,unlockcharactermanager,USD,5.49,0.00,5.49,MELBOURNE,FL,32934,US,,
GPA.3351-1515-3098-58772,2021-12-22,1640169380,Charged,Sprout,Character Manager (Complete Reference for DnD 5),com.vansteinengroentjes.apps.ddfive,inapp,unlockcharactermanager,USD,5.49,0.47,5.96,Phoenix,AZ,85020,US,,
GPA.3390-1026-7569-45576,2021-12-22,1640171045,Charged,Sprout,Unlock Character Manager (D20 Complete Reference),com.vansteinengroentjes.apps.ddcompletereference,inapp,unlockcharactermanager,USD,1.96,0.17,2.13,Phoenix,AZ,85020,US,,
GPA.3392-7678-5840-84716,2021-12-22,1640171569,Charged,Sprout,Character Manager (Complete Reference for Pathfinder 2),com.vansteinengroentjes.pathfindertwo,inapp,charpf2,USD,5.49,0.47,5.96,Phoenix,AZ,85020,US,,
GPA.3324-0491-2700-04655,2021-12-22,1640191673,Charged,OP4F0BL1,Character Manager (Complete Reference for DnD 5),com.vansteinengroentjes.apps.ddfive,inapp,unlockcharactermanager,EUR,4.12,0.87,4.99,,,,NL,,
GPA.3358-8759-1196-96767,2021-12-22,1640191871,Charged,ASUS_I01WD,DM Tools (Complete Reference for DnD 5),com.vansteinengroentjes.apps.ddfive,inapp,premium,EUR,2.51,0.48,2.99,,,,DE,,
GPA.3380-3862-6216-24257,2021-12-22,1640191900,Charged,ASUS_I01WD,Character Manager (Complete Reference for DnD 5),com.vansteinengroentjes.apps.ddfive,inapp,unlockcharactermanager,EUR,4.19,0.80,4.99,,,,DE,,
GPA.3309-4219-0971-51204,2021-12-23,1640241827,Charged,b2q,Character Manager (Complete Reference for Pathfinder 2),com.vansteinengroentjes.pathfindertwo,inapp,charpf2,USD,5.49,0.33,5.82,Crystal Falls,MI,49920,US,,
GPA.3392-6872-6329-66933,2021-12-23,1640256679,Charged,r8q,Character Manager (Complete Reference for DnD 5),com.vansteinengroentjes.apps.ddfive,inapp,unlockcharactermanager,USD,5.49,0.00,5.49,UNINCORPORATED,ID,83301,US,,
GPA.3300-0312-6627-98557,2021-12-23,1640258646,Charged,j3popltetfnvzw,Character Manager (Complete Reference for DnD 5),com.vansteinengroentjes.apps.ddfive,inapp,unlockcharactermanager,USD,5.49,0.00,5.49,UNINCORPORATED,ID,83301,US,,
GPA.3380-7683-6301-15623,2021-12-23,1640259836,Charged,begonia,Character Manager (Complete Reference for Pathfinder 2),com.vansteinengroentjes.pathfindertwo,inapp,charpf2,EUR,4.16,0.83,4.99,,,,FR,,
GPA.3370-8661-6308-77383,2021-12-23,1640259849,Charged,begonia,Dungeon Master Tools (Complete Reference for Pathfinder 2),com.vansteinengroentjes.pathfindertwo,inapp,dmtoolspf2,EUR,2.49,0.50,2.99,,,,FR,,
GPA.3305-2402-5904-01302,2021-12-23,1640270625,Charged,a5y17ltecan,DM Tools (Complete Reference for DnD 5),com.vansteinengroentjes.apps.ddfive,inapp,premium,CAD,4.49,0.58,5.07,Thornhill,ON,L4J6M2,CA,,
GPA.3313-7438-5736-88932,2021-12-23,1640270669,Charged,starlte,DM Tools (Complete Reference for DnD 5),com.vansteinengroentjes.apps.ddfive,inapp,premium,EUR,2.47,0.52,2.99,,,,NL,,
GPA.3399-6052-4851-67860,2021-12-23,1640278069,Charged,beyond1q,Character Manager (Complete Reference for Pathfinder),com.vansteinengroentjes.apps.ddpf,inapp,unlockcharactermanager,USD,1.99,0.17,2.16,PHOENIX,AZ,85020,US,,
GPA.3360-4244-4197-90249,2021-12-23,1640280657,Charged,p3q,"Unlock DM tools, Dice tools and remove ads. (D20 Complete Reference)",com.vansteinengroentjes.apps.ddcompletereference,inapp,premium,USD,2.49,0.00,2.49,MIDDLETOWN,CA,95461,US,,
GPA.3324-9568-5131-56011,2021-12-23,1640280815,Charged,beyond1q,Pathfinder DM tools (Complete Reference for Pathfinder),com.vansteinengroentjes.apps.ddpf,inapp,premium,USD,2.49,0.21,2.70,PHOENIX,AZ,85020,US,,
GPA.3330-4590-4481-58592,2021-12-23,1640286927,Charged,Nord,"Unlock DM tools, Dice tools and remove ads. (D20 Complete Reference)",com.vansteinengroentjes.apps.ddcompletereference,inapp,premium,EUR,2.51,0.48,2.99,,,,DE,,
GPA.3313-7197-3133-05496,2021-12-23,1640300811,Charged,r8q,DM Tools (Complete Reference for DnD 5),com.vansteinengroentjes.apps.ddfive,inapp,premium,USD,3.49,0.28,3.77,ONEIDA,KS,66538,US,,
GPA.3345-4147-2952-77621,2021-12-24,1640307479,Charged,Armor_12_5G,"Unlock DM tools, Dice tools and remove ads. (D20 Complete Reference)",com.vansteinengroentjes.apps.ddcompletereference,inapp,premium,USD,2.49,0.00,2.49,Wilsonville,OR,97070,US,,
GPA.3358-9391-3059-25680,2021-12-24,1640314958,Charged,p3q,DM Tools (Complete Reference for DnD 5),com.vansteinengroentjes.apps.ddfive,inapp,premium,USD,3.49,0.21,3.70,Lancaster,PA,17603,US,,
GPA.3311-0661-3257-16688,2021-12-24,1640332966,Charged,gvwifiue,Character Manager (Complete Reference for DnD 5),com.vansteinengroentjes.apps.ddfive,inapp,unlockcharactermanager,USD,5.49,0.38,5.87,BESSEMER CITY,NC,28052,US,,
GPA.3331-9590-6403-01789,2021-12-24,1640334365,Charged,a50,"Unlock DM tools, Dice tools and remove ads. (D20 Complete Reference)",com.vansteinengroentjes.apps.ddcompletereference,inapp,premium,USD,2.49,0.18,2.67,Little Elm,TX,75068,US,,
GPA.3304-8793-2795-06328,2021-12-24,1640353280,Charged,OnePlus8,Character Manager (Complete Reference for DnD 5),com.vansteinengroentjes.apps.ddfive,inapp,unlockcharactermanager,USD,5.49,0.33,5.82,UNINCORPORATED,PA,17368,US,,
GPA.3341-0253-0492-85924,2021-12-24,1640365356,Charged,ocean,DM Tools (Complete Reference for DnD 5),com.vansteinengroentjes.apps.ddfive,inapp,premium,SEK,24.80,6.20,31.00,,,,SE,,
GPA.3394-7215-5621-87631,2021-12-24,1640369353,Charged,AGM_Glory_G1,DM Tools (Complete Reference for DnD 5),com.vansteinengroentjes.apps.ddfive,inapp,premium,USD,3.49,0.00,3.49,eureka,MO,63025,US,,
GPA.3338-4102-5458-60495,2021-12-24,1640382917,Charged,star2lte,DM Tools (Complete Reference for DnD 5),com.vansteinengroentjes.apps.ddfive,inapp,premium,GBP,2.16,0.43,2.59,,,,GB,,
GPA.3324-0079-3101-92271,2021-12-24,1640383161,Charged,star2lte,Character Manager (Complete Reference for DnD 5),com.vansteinengroentjes.apps.ddfive,inapp,unlockcharactermanager,GBP,3.49,0.70,4.19,,,,GB,,
GPA.3386-7367-4799-57275,2021-12-25,1640403882,Charged,sofia,DM Tools (Complete Reference for DnD 5),com.vansteinengroentjes.apps.ddfive,inapp,premium,USD,3.49,0.00,3.49,LIVE OAK,CA,95953,US,,
GPA.3359-0594-2322-95438,2021-12-25,1640451004,Charged,greatqlte,Character Manager (Complete Reference for DnD 5),com.vansteinengroentjes.apps.ddfive,inapp,unlockcharactermanager,USD,5.49,0.00,5.49,OCEANSIDE,CA,92083,US,,
GPA.3343-7034-7343-41958,2021-12-25,1640468662,Charged,y2q,Character Manager (Complete Reference for DnD 5),com.vansteinengroentjes.apps.ddfive,inapp,unlockcharactermanager,USD,5.49,0.40,5.89,LOS ALAMOS,NM,87544,US,,
GPA.3357-9823-2826-58758,2021-12-25,1640469671,Charged,beyond0q,Character Manager (Complete Reference for DnD 5),com.vansteinengroentjes.apps.ddfive,inapp,unlockcharactermanager,USD,5.49,0.38,5.87,Ravenna,NE,68869,US,,
GPA.3331-2102-1082-06558,2021-12-25,1640471836,Charged,dream2qltecan,DM Tools (Complete Reference for DnD 5),com.vansteinengroentjes.apps.ddfive,inapp,premium,CAD,4.49,0.22,4.71,winnipeg,MB,R2C4C6,CA,,
GPA.3388-6427-1419-49127,2021-12-26,1640478303,Charged,hero2lte,Pathfinder DM tools (Complete Reference for Pathfinder),com.vansteinengroentjes.apps.ddpf,inapp,premium,BRL,5.49,0.00,5.49,Osasco,SP,08260360,BR,,
GPA.3365-7542-9382-01551,2021-12-26,1640492952,Charged,beyond0q,DM Tools (Complete Reference for DnD 5),com.vansteinengroentjes.apps.ddfive,inapp,premium,USD,3.49,0.22,3.71,GREEN VALLEY,AZ,85622,US,,
GPA.3310-7153-5124-58511,2021-12-26,1640527872,Charged,ASUS_I005_1,"Unlock DM tools, Dice tools and remove ads. (D20 Complete Reference)",com.vansteinengroentjes.apps.ddcompletereference,inapp,premium,GBP,2.24,0.45,2.69,,,,GB,,
GPA.3399-9705-3575-47990,2021-12-26,1640527888,Charged,ASUS_I005_1,Unlock Character Manager (D20 Complete Reference),com.vansteinengroentjes.apps.ddcompletereference,inapp,unlockcharactermanager,GBP,1.27,0.25,1.52,,,,GB,,
GPA.3365-6182-1509-47260,2021-12-26,1640528331,Charged,ASUS_I005_1,Character Manager (Complete Reference for DnD 5),com.vansteinengroentjes.apps.ddfive,inapp,unlockcharactermanager,GBP,3.49,0.70,4.19,,,,GB,,
GPA.3329-2704-9081-27052,2021-12-26,1640528347,Charged,ASUS_I005_1,DM Tools (Complete Reference for DnD 5),com.vansteinengroentjes.apps.ddfive,inapp,premium,GBP,2.16,0.43,2.59,,,,GB,,
GPA.3336-6199-2609-16754,2021-12-26,1640530787,Charged,BISON,Character Manager (Complete Reference for DnD 5),com.vansteinengroentjes.apps.ddfive,inapp,unlockcharactermanager,BRL,20.99,0.00,20.99,Guarulhos,SP,07151580,BR,,
GPA.3319-3042-0781-59728,2021-12-26,1640533453,Charged,walleye,Character Manager (Complete Reference for DnD 5),com.vansteinengroentjes.apps.ddfive,inapp,unlockcharactermanager,USD,5.49,0.00,5.49,BOULDER,CO,80305,US,,
GPA.3361-5561-3841-05615,2021-12-26,1640539770,Charged,y2q,Dungeon Master Tools (Complete Reference for Pathfinder 2),com.vansteinengroentjes.pathfindertwo,inapp,dmtoolspf2,USD,3.49,0.24,3.73,North Versailles,PA,15137,US,,
GPA.3356-8216-1102-28189,2021-12-26,1640539793,Charged,y2q,Character Manager (Complete Reference for Pathfinder 2),com.vansteinengroentjes.pathfindertwo,inapp,charpf2,USD,5.49,0.38,5.87,North Versailles,PA,15137,US,,
GPA.3393-1356-1911-62445,2021-12-26,1640540035,Charged,y2q,Pathfinder DM tools (Complete Reference for Pathfinder),com.vansteinengroentjes.apps.ddpf,inapp,premium,USD,2.49,0.17,2.66,North Versailles,PA,15137,US,,
GPA.3338-1031-2763-34581,2021-12-26,1640540047,Charged,y2q,Character Manager (Complete Reference for Pathfinder),com.vansteinengroentjes.apps.ddpf,inapp,unlockcharactermanager,USD,1.99,0.14,2.13,North Versailles,PA,15137,US,,
GPA.3391-3292-0295-22387,2021-12-26,1640553470,Charged,oriole,DM Tools (Complete Reference for DnD 5),com.vansteinengroentjes.apps.ddfive,inapp,premium,USD,3.49,0.31,3.80,Vail,AZ,85641,US,,
GPA.3322-5067-3407-47691,2021-12-26,1640553505,Charged,oriole,Character Manager (Complete Reference for DnD 5),com.vansteinengroentjes.apps.ddfive,inapp,unlockcharactermanager,USD,5.49,0.48,5.97,Vail,AZ,85641,US,,
GPA.3356-2521-5065-90408,2021-12-26,1640559726,Charged,p3q,Pathfinder DM tools (Complete Reference for Pathfinder),com.vansteinengroentjes.apps.ddpf,inapp,premium,USD,2.49,0.00,2.49,ALTHA,FL,32428,US,,
GPA.3383-8025-1964-54245,2021-12-27,1640581422,Charged,gts4lwifi,DM Tools (Complete Reference for DnD 5),com.vansteinengroentjes.apps.ddfive,inapp,premium,USD,3.49,0.25,3.74,EAGLE MOUNTAIN,UT,84045,US,,
GPA.3333-4159-1508-01359,2021-12-27,1640591912,Charged,a12u,Character Manager (Complete Reference for DnD 5),com.vansteinengroentjes.apps.ddfive,inapp,unlockcharactermanager,USD,5.49,0.27,5.76,BAR NUNN,WY,82601,US,,
GPA.3356-9316-9676-16196,2021-12-27,1640598852,Charged,HWCLT,Character Manager (Complete Reference for DnD 5),com.vansteinengroentjes.apps.ddfive,inapp,unlockcharactermanager,GBP,3.49,0.70,4.19,,,,GB,,
GPA.3393-1356-1911-62445,2021-12-27,1640604864,Refund,y2q,Pathfinder DM tools (Complete Reference for Pathfinder),com.vansteinengroentjes.apps.ddpf,inapp,premium,USD,2.49,-0.17,-2.66,North Versailles,PA,15137,US,,
GPA.3356-8216-1102-28189,2021-12-27,1640608665,Refund,y2q,Character Manager (Complete Reference for Pathfinder 2),com.vansteinengroentjes.pathfindertwo,inapp,charpf2,USD,5.49,-0.38,-5.87,North Versailles,PA,15137,US,,
GPA.3338-1031-2763-34581,2021-12-27,1640614448,Refund,y2q,Character Manager (Complete Reference for Pathfinder),com.vansteinengroentjes.apps.ddpf,inapp,unlockcharactermanager,USD,1.99,-0.14,-2.13,North Versailles,PA,15137,US,,
GPA.3353-1587-8707-63308,2021-12-27,1640616767,Charged,o1q,Character Manager (Complete Reference for DnD 5),com.vansteinengroentjes.apps.ddfive,inapp,unlockcharactermanager,USD,5.49,0.35,5.84,GROTON,CT,06340,US,,
GPA.3389-3876-8893-13597,2021-12-27,1640616956,Charged,a32x,Character Manager (Complete Reference for Pathfinder),com.vansteinengroentjes.apps.ddpf,inapp,unlockcharactermanager,USD,1.99,0.12,2.11,Dallastown,PA,17313,US,,
GPA.3378-8587-1114-51203,2021-12-27,1640616971,Charged,a32x,Pathfinder DM tools (Complete Reference for Pathfinder),com.vansteinengroentjes.apps.ddpf,inapp,premium,USD,2.49,0.15,2.64,Dallastown,PA,17313,US,,
GPA.3321-0427-4616-24020,2021-12-27,1640624015,Charged,a21,Character Manager (Complete Reference for DnD 5),com.vansteinengroentjes.apps.ddfive,inapp,unlockcharactermanager,USD,5.49,0.00,5.49,CHINCOTEAGUE,VA,23336,US,,
GPA.3353-9794-9021-12653,2021-12-27,1640624091,Charged,a21,DM Tools (Complete Reference for DnD 5),com.vansteinengroentjes.apps.ddfive,inapp,premium,USD,3.49,0.00,3.49,CHINCOTEAGUE,VA,23336,US,,
GPA.3366-3834-4433-28555,2021-12-27,1640624478,Charged,redfin,DM Tools (Complete Reference for DnD 5),com.vansteinengroentjes.apps.ddfive,inapp,premium,USD,3.49,0.00,3.49,Canaan,NH,03741,US,,
GPA.3361-5561-3841-05615,2021-12-27,1640629502,Refund,y2q,Dungeon Master Tools (Complete Reference for Pathfinder 2),com.vansteinengroentjes.pathfindertwo,inapp,dmtoolspf2,USD,3.49,-0.24,-3.73,North Versailles,PA,15137,US,,
GPA.3383-1034-5415-94956,2021-12-27,1640636547,Charged,berlna,Character Manager (Complete Reference for DnD 5),com.vansteinengroentjes.apps.ddfive,inapp,unlockcharactermanager,USD,5.49,0.37,5.86,BOGUE,NC,28570,US,,
GPA.3347-3637-1446-63125,2021-12-27,1640636562,Charged,berlna,DM Tools (Complete Reference for DnD 5),com.vansteinengroentjes.apps.ddfive,inapp,premium,USD,3.49,0.24,3.73,BOGUE,NC,28570,US,,
GPA.3399-0726-5730-67540,2021-12-27,1640644111,Charged,a32x,Character Manager (Complete Reference for DnD 5),com.vansteinengroentjes.apps.ddfive,inapp,unlockcharactermanager,CAD,7.49,0.89,8.38,Prince George,BC,V2M 1C5,CA,,
GPA.3336-7182-5410-98063,2021-12-27,1640644150,Charged,a32x,DM Tools (Complete Reference for DnD 5),com.vansteinengroentjes.apps.ddfive,inapp,premium,CAD,4.49,0.53,5.02,Prince George,BC,V2M 1C5,CA,,
GPA.3357-8083-9659-45494,2021-12-27,1640646722,Charged,p3q,Dungeon Master Tools (Complete Reference for Pathfinder 2),com.vansteinengroentjes.pathfindertwo,inapp,dmtoolspf2,USD,3.49,0.26,3.75,Durham,NC,27703,US,,
GPA.3340-8958-6387-85032,2021-12-28,1640660396,Charged,d1q,Unlock Character Manager (D20 Complete Reference),com.vansteinengroentjes.apps.ddcompletereference,inapp,unlockcharactermanager,USD,1.96,0.00,1.96,springfield,OR,97478,US,,
GPA.3320-6230-2110-69015,2021-12-28,1640660552,Charged,crownqltesq,Character Manager (Complete Reference for DnD 5),com.vansteinengroentjes.apps.ddfive,inapp,unlockcharactermanager,USD,5.49,0.38,5.87,Hernando,MS,38632,US,,
GPA.3350-0084-0559-54325,2021-12-28,1640707735,Charged,joan,Character Manager (Complete Reference for DnD 5),com.vansteinengroentjes.apps.ddfive,inapp,unlockcharactermanager,USD,5.49,0.33,5.82,UNINCORPORATED,MI,49071,US,,
GPA.3325-6921-7139-08408,2021-12-28,1640707765,Charged,joan,DM Tools (Complete Reference for DnD 5),com.vansteinengroentjes.apps.ddfive,inapp,premium,USD,3.49,0.21,3.70,UNINCORPORATED,MI,49071,US,,
GPA.3361-6556-1565-27766,2021-12-28,1640710177,Charged,E6910,Character Manager (Complete Reference for DnD 5),com.vansteinengroentjes.apps.ddfive,inapp,unlockcharactermanager,USD,5.49,0.45,5.94,Green Valley,AZ,85614,US,,
GPA.3330-6123-1906-46106,2021-12-28,1640713018,Charged,HWPOT-H,Unlock Character Manager (D20 Complete Reference),com.vansteinengroentjes.apps.ddcompletereference,inapp,unlockcharactermanager,GBP,1.27,0.25,1.52,,,,GB,,
GPA.3307-1289-8680-97295,2021-12-28,1640713035,Charged,HWPOT-H,"Unlock DM tools, Dice tools and remove ads. (D20 Complete Reference)",com.vansteinengroentjes.apps.ddcompletereference,inapp,premium,GBP,2.24,0.45,2.69,,,,GB,,
GPA.3322-3433-5174-70316,2021-12-28,1640717302,Charged,gta4lwifi,DM Tools (Complete Reference for DnD 5),com.vansteinengroentjes.apps.ddfive,inapp,premium,USD,3.49,0.00,3.49,VISALIA,CA,93277,US,,
GPA.3322-3986-6934-55979,2021-12-28,1640722952,Charged,o1q,Unlock Character Manager (D20 Complete Reference),com.vansteinengroentjes.apps.ddcompletereference,inapp,unlockcharactermanager,USD,1.96,0.00,1.96,HIALEAH,FL,33012,US,,
GPA.3361-8685-1285-82957,2021-12-28,1640723457,Charged,f2q,Character Manager (Complete Reference for Pathfinder),com.vansteinengroentjes.apps.ddpf,inapp,unlockcharactermanager,USD,1.99,0.13,2.12,RED LICK,TX,75503,US,,
GPA.3371-0327-1489-51624,2021-12-28,1640731204,Charged,d2s,DM Tools (Complete Reference for DnD 5),com.vansteinengroentjes.apps.ddfive,inapp,premium,CZK,61.98,13.01,74.99,,,,CZ,,
GPA.3335-8239-2933-07709,2021-12-29,1640747889,Charged,OnePlusN200TMO,Character Manager (Complete Reference for DnD 5),com.vansteinengroentjes.apps.ddfive,inapp,unlockcharactermanager,USD,5.49,0.45,5.94,FORT HOOD,TX,76544,US,,
GPA.3310-8037-2131-73588,2021-12-29,1640749893,Charged,r8q,Character Manager (Complete Reference for Pathfinder),com.vansteinengroentjes.apps.ddpf,inapp,unlockcharactermanager,USD,1.99,0.00,1.99,COLUMBIA,MO,65202,US,,
GPA.3367-2237-1089-05495,2021-12-29,1640749968,Charged,y2q,Dungeon Master Tools (Complete Reference for Pathfinder 2),com.vansteinengroentjes.pathfindertwo,inapp,dmtoolspf2,USD,3.49,0.21,3.70,MOUNT PLEASANT,MI,48858,US,,
GPA.3354-0889-6077-05208,2021-12-29,1640759066,Charged,t2q,Character Manager (Complete Reference for DnD 5),com.vansteinengroentjes.apps.ddfive,inapp,unlockcharactermanager,USD,5.49,0.37,5.86,MEDINA,OH,44256,US,,
GPA.3368-3794-1123-62379,2021-12-29,1640778103,Charged,z3q,Character Manager (Complete Reference for DnD 5),com.vansteinengroentjes.apps.ddfive,inapp,unlockcharactermanager,USD,5.49,0.00,5.49,Silver Creek,GA,30173,US,,
GPA.3309-0552-9113-28810,2021-12-29,1640778125,Charged,z3q,DM Tools (Complete Reference for DnD 5),com.vansteinengroentjes.apps.ddfive,inapp,premium,USD,3.49,0.00,3.49,Silver Creek,GA,30173,US,,
GPA.3393-4713-5786-60220,2021-12-29,1640791802,Charged,starqltesq,Dungeon Master Tools (Complete Reference for Pathfinder 2),com.vansteinengroentjes.pathfindertwo,inapp,dmtoolspf2,USD,3.49,0.23,3.72,BATAVIA,OH,45103,US,,
GPA.3374-5774-2446-43237,2021-12-29,1640800588,Charged,bloomq,Character Manager (Complete Reference for Pathfinder 2),com.vansteinengroentjes.pathfindertwo,inapp,charpf2,USD,5.49,0.00,5.49,Scott City,MO,63780,US,,
GPA.3388-6672-3300-24596,2021-12-29,1640800606,Charged,bloomq,Dungeon Master Tools (Complete Reference for Pathfinder 2),com.vansteinengroentjes.pathfindertwo,inapp,dmtoolspf2,USD,3.49,0.00,3.49,Scott City,MO,63780,US,,
GPA.3316-9074-6208-63329,2021-12-29,1640800647,Charged,r8q,Character Manager (Complete Reference for DnD 5),com.vansteinengroentjes.apps.ddfive,inapp,unlockcharactermanager,USD,5.49,0.33,5.82,OWENSBORO,KY,42303,US,,
GPA.3367-6203-0762-46656,2021-12-29,1640800705,Charged,r8q,DM Tools (Complete Reference for DnD 5),com.vansteinengroentjes.apps.ddfive,inapp,premium,USD,3.49,0.21,3.70,OWENSBORO,KY,42303,US,,
GPA.3369-0446-3001-91902,2021-12-29,1640815425,Charged,hana_cheets,Character Manager (Complete Reference for Pathfinder),com.vansteinengroentjes.apps.ddpf,inapp,unlockcharactermanager,USD,1.99,0.16,2.15,Winnsboro,TX,75494,US,,
GPA.3399-2909-9927-38680,2021-12-29,1640820600,Charged,flame,Character Manager (Complete Reference for DnD 5),com.vansteinengroentjes.apps.ddfive,inapp,unlockcharactermanager,USD,5.49,0.00,5.49,BROKEN BOW,OK,74728,US,,
GPA.3319-7282-6205-32498,2021-12-30,1640843032,Charged,vince,Character Manager (Complete Reference for Pathfinder 2),com.vansteinengroentjes.pathfindertwo,inapp,charpf2,RUB,299.17,59.83,359.00,, ,398024,RU,,
GPA.3385-2801-6191-59410,2021-12-30,1640843051,Charged,vince,Dungeon Master Tools (Complete Reference for Pathfinder 2),com.vansteinengroentjes.pathfindertwo,inapp,dmtoolspf2,RUB,190.83,38.17,229.00,, ,398024,RU,,
GPA.3310-0474-5220-48400,2021-12-30,1640881467,Charged,a50,Character Manager (Complete Reference for DnD 5),com.vansteinengroentjes.apps.ddfive,inapp,unlockcharactermanager,CAD,7.49,0.97,8.46,Mississauga,ON,L5B 0C8,CA,,
GPA.3343-7060-9044-48015,2021-12-30,1640885683,Charged,barbet,DM Tools (Complete Reference for DnD 5),com.vansteinengroentjes.apps.ddfive,inapp,premium,USD,3.49,0.13,3.62,Fort Collins,CO,80526,US,,
GPA.3366-2139-1994-78169,2021-12-30,1640898006,Charged,HWELE,Unlock Character Manager (D20 Complete Reference),com.vansteinengroentjes.apps.ddcompletereference,inapp,unlockcharactermanager,GBP,0.27,0.25,0.52,,,,GB,,
GPA.3338-1232-4351-00824,2021-12-30,1640902647,Charged,greatqlteue,Character Manager (Complete Reference for DnD 5),com.vansteinengroentjes.apps.ddfive,inapp,unlockcharactermanager,USD,5.49,0.00,5.49,LA PUENTE,CA,91744,US,,
GPA.3362-5754-1571-30437,2021-12-30,1640902663,Charged,greatqlteue,DM Tools (Complete Reference for DnD 5),com.vansteinengroentjes.apps.ddfive,inapp,premium,USD,3.49,0.00,3.49,LA PUENTE,CA,91744,US,,
GPA.3307-7160-1576-32586,2021-12-30,1640905645,Charged,mdh5lm,Character Manager (Complete Reference for DnD 5),com.vansteinengroentjes.apps.ddfive,inapp,unlockcharactermanager,USD,5.49,0.00,5.49,FERRUM,VA,24088,US,,
GPA.3355-3830-8879-70107,2021-12-31,1640919668,Charged,surfna,Character Manager (Complete Reference for DnD 5),com.vansteinengroentjes.apps.ddfive,inapp,unlockcharactermanager,USD,5.49,0.52,6.01,MOUNT VERNON,IL,62864,US,,
GPA.3323-9490-6989-63920,2021-12-31,1640921453,Charged,bloomxq,"Unlock DM tools, Dice tools and remove ads. (D20 Complete Reference)",com.vansteinengroentjes.apps.ddcompletereference,inapp,premium,USD,2.49,0.00,2.49,Blackwell,OK,74631,US,,
GPA.3318-5465-4964-30351,2021-12-31,1640924985,Charged,mdh5lm,DM Tools (Complete Reference for DnD 5),com.vansteinengroentjes.apps.ddfive,inapp,premium,USD,3.49,0.00,3.49,FERRUM,VA,24088,US,,
GPA.3324-8950-2471-71444,2021-12-31,1640945046,Charged,dreamlte,Character Manager (Complete Reference for Pathfinder 2),com.vansteinengroentjes.pathfindertwo,inapp,charpf2,EUR,4.12,0.87,4.99,,,,NL,,
GPA.3358-1645-3311-89518,2021-12-31,1640954960,Charged,sofiap,DM Tools (Complete Reference for DnD 5),com.vansteinengroentjes.apps.ddfive,inapp,premium,USD,3.49,0.00,3.49,HOMER,GA,30558,US,,
GPA.3358-8615-1171-80349,2021-12-31,1640956762,Charged,a42xuq,DM Tools (Complete Reference for DnD 5),com.vansteinengroentjes.apps.ddfive,inapp,premium,USD,3.49,0.31,3.80,TWISP,WA,98856,US,,
GPA.3397-7418-5342-99790,2021-12-31,1640956797,Charged,a42xuq,Character Manager (Complete Reference for DnD 5),com.vansteinengroentjes.apps.ddfive,inapp,unlockcharactermanager,USD,5.49,0.48,5.97,TWISP,WA,98856,US,,
GPA.3333-5146-4957-35294,2021-12-31,1640977281,Charged,d1,DM Tools (Complete Reference for DnD 5),com.vansteinengroentjes.apps.ddfive,inapp,premium,GBP,2.16,0.43,2.59,,,,GB,,
GPA.3306-0097-9714-42420,2021-12-31,1640989659,Charged,a51x,DM Tools (Complete Reference for DnD 5),com.vansteinengroentjes.apps.ddfive,inapp,premium,USD,3.49,0.00,3.49,IDAHO FALLS,ID,83401,US,,
GPA.3316-8440-5273-98382,2021-12-31,1640993827,Charged,borneo,Character Manager (Complete Reference for DnD 5),com.vansteinengroentjes.apps.ddfive,inapp,unlockcharactermanager,USD,5.49,0.36,5.85,Rapid City,SD,57701,US,,
